[2025-12-06T18:59:02.527+0000] {manager.py:469} INFO - Processing files using up to 2 processes at a time 
[2025-12-06T18:59:02.529+0000] {manager.py:470} INFO - Process each file at most once every 30 seconds
[2025-12-06T18:59:02.531+0000] {manager.py:471} INFO - Checking for new files in /opt/airflow/dags every 300 seconds
[2025-12-06T18:59:02.532+0000] {manager.py:738} INFO - Searching for files in /opt/airflow/dags
[2025-12-06T18:59:02.539+0000] {manager.py:741} INFO - There are 1 files in /opt/airflow/dags
[2025-12-06T18:59:03.345+0000] {manager.py:879} INFO - 
================================================================================
DAG File Processing Stats

File Path                                     PID  Runtime      # DAGs    # Errors  Last Runtime    Last Run
------------------------------------------  -----  ---------  --------  ----------  --------------  ----------
/opt/airflow/dags/pipeline-weather-data.py     57  0.04s             0           0
================================================================================
[2025-12-06T18:59:33.522+0000] {manager.py:879} INFO - 
================================================================================
DAG File Processing Stats

File Path                                   PID    Runtime      # DAGs    # Errors  Last Runtime    Last Run
------------------------------------------  -----  ---------  --------  ----------  --------------  -------------------
/opt/airflow/dags/pipeline-weather-data.py                           0           1  2.44s           2025-12-06T18:59:05
================================================================================
[2025-12-06T19:00:03.556+0000] {manager.py:879} INFO - 
================================================================================
DAG File Processing Stats

File Path                                   PID    Runtime      # DAGs    # Errors  Last Runtime    Last Run
------------------------------------------  -----  ---------  --------  ----------  --------------  -------------------
/opt/airflow/dags/pipeline-weather-data.py                           0           1  1.43s           2025-12-06T18:59:37
================================================================================
[2025-12-06T19:00:34.433+0000] {manager.py:879} INFO - 
================================================================================
DAG File Processing Stats

File Path                                   PID    Runtime      # DAGs    # Errors  Last Runtime    Last Run
------------------------------------------  -----  ---------  --------  ----------  --------------  -------------------
/opt/airflow/dags/pipeline-weather-data.py                           0           1  0.72s           2025-12-06T19:00:08
================================================================================
[2025-12-06T19:01:04.599+0000] {manager.py:879} INFO - 
================================================================================
DAG File Processing Stats

File Path                                   PID    Runtime      # DAGs    # Errors  Last Runtime    Last Run
------------------------------------------  -----  ---------  --------  ----------  --------------  -------------------
/opt/airflow/dags/pipeline-weather-data.py                           0           1  1.00s           2025-12-06T19:00:39
================================================================================
[2025-12-06T19:01:34.774+0000] {manager.py:879} INFO - 
================================================================================
DAG File Processing Stats

File Path                                   PID    Runtime      # DAGs    # Errors  Last Runtime    Last Run
------------------------------------------  -----  ---------  --------  ----------  --------------  -------------------
/opt/airflow/dags/pipeline-weather-data.py                           0           1  0.69s           2025-12-06T19:01:10
================================================================================
[2025-12-06T19:02:04.939+0000] {manager.py:879} INFO - 
================================================================================
DAG File Processing Stats

File Path                                   PID    Runtime      # DAGs    # Errors  Last Runtime    Last Run
------------------------------------------  -----  ---------  --------  ----------  --------------  -------------------
/opt/airflow/dags/pipeline-weather-data.py                           0           1  0.58s           2025-12-06T19:01:41
================================================================================
[2025-12-06T19:02:35.086+0000] {manager.py:879} INFO - 
================================================================================
DAG File Processing Stats

File Path                                   PID    Runtime      # DAGs    # Errors  Last Runtime    Last Run
------------------------------------------  -----  ---------  --------  ----------  --------------  -------------------
/opt/airflow/dags/pipeline-weather-data.py                           0           1  0.67s           2025-12-06T19:02:11
================================================================================
[2025-12-06T19:03:05.157+0000] {manager.py:879} INFO - 
================================================================================
DAG File Processing Stats

File Path                                   PID    Runtime      # DAGs    # Errors  Last Runtime    Last Run
------------------------------------------  -----  ---------  --------  ----------  --------------  -------------------
/opt/airflow/dags/pipeline-weather-data.py                           0           1  0.88s           2025-12-06T19:02:43
================================================================================
[2025-12-06T19:03:35.309+0000] {manager.py:879} INFO - 
================================================================================
DAG File Processing Stats

File Path                                   PID    Runtime      # DAGs    # Errors  Last Runtime    Last Run
------------------------------------------  -----  ---------  --------  ----------  --------------  -------------------
/opt/airflow/dags/pipeline-weather-data.py                           0           1  0.56s           2025-12-06T19:03:13
================================================================================
[2025-12-06T19:04:02.536+0000] {manager.py:738} INFO - Searching for files in /opt/airflow/dags
[2025-12-06T19:04:02.541+0000] {manager.py:741} INFO - There are 1 files in /opt/airflow/dags
[2025-12-06T19:04:05.483+0000] {manager.py:879} INFO - 
================================================================================
DAG File Processing Stats

File Path                                   PID    Runtime      # DAGs    # Errors  Last Runtime    Last Run
------------------------------------------  -----  ---------  --------  ----------  --------------  -------------------
/opt/airflow/dags/pipeline-weather-data.py                           0           1  0.70s           2025-12-06T19:03:44
================================================================================
[2025-12-06T19:04:35.716+0000] {manager.py:879} INFO - 
================================================================================
DAG File Processing Stats

File Path                                   PID    Runtime      # DAGs    # Errors  Last Runtime    Last Run
------------------------------------------  -----  ---------  --------  ----------  --------------  -------------------
/opt/airflow/dags/pipeline-weather-data.py                           0           1  0.63s           2025-12-06T19:04:15
================================================================================
[2025-12-06T19:05:05.898+0000] {manager.py:879} INFO - 
================================================================================
DAG File Processing Stats

File Path                                   PID    Runtime      # DAGs    # Errors  Last Runtime    Last Run
------------------------------------------  -----  ---------  --------  ----------  --------------  -------------------
/opt/airflow/dags/pipeline-weather-data.py                           0           1  0.70s           2025-12-06T19:04:46
================================================================================
[2025-12-06T19:05:36.084+0000] {manager.py:879} INFO - 
================================================================================
DAG File Processing Stats

File Path                                   PID    Runtime      # DAGs    # Errors  Last Runtime    Last Run
------------------------------------------  -----  ---------  --------  ----------  --------------  -------------------
/opt/airflow/dags/pipeline-weather-data.py                           0           1  0.67s           2025-12-06T19:05:16
================================================================================
[2025-12-06T19:06:06.187+0000] {manager.py:879} INFO - 
================================================================================
DAG File Processing Stats

File Path                                   PID    Runtime      # DAGs    # Errors  Last Runtime    Last Run
------------------------------------------  -----  ---------  --------  ----------  --------------  -------------------
/opt/airflow/dags/pipeline-weather-data.py                           0           1  0.89s           2025-12-06T19:05:48
================================================================================
[2025-12-06T19:06:36.275+0000] {manager.py:879} INFO - 
================================================================================
DAG File Processing Stats

File Path                                   PID    Runtime      # DAGs    # Errors  Last Runtime    Last Run
------------------------------------------  -----  ---------  --------  ----------  --------------  -------------------
/opt/airflow/dags/pipeline-weather-data.py                           0           1  0.77s           2025-12-06T19:06:19
================================================================================
[2025-12-06T19:07:06.955+0000] {manager.py:879} INFO - 
================================================================================
DAG File Processing Stats

File Path                                   PID    Runtime      # DAGs    # Errors  Last Runtime    Last Run
------------------------------------------  -----  ---------  --------  ----------  --------------  -------------------
/opt/airflow/dags/pipeline-weather-data.py                           0           1  0.63s           2025-12-06T19:06:49
================================================================================
[2025-12-06T19:07:37.221+0000] {manager.py:879} INFO - 
================================================================================
DAG File Processing Stats

File Path                                   PID    Runtime      # DAGs    # Errors  Last Runtime    Last Run
------------------------------------------  -----  ---------  --------  ----------  --------------  -------------------
/opt/airflow/dags/pipeline-weather-data.py                           0           1  0.68s           2025-12-06T19:07:20
================================================================================
[2025-12-06T19:08:07.409+0000] {manager.py:879} INFO - 
================================================================================
DAG File Processing Stats

File Path                                   PID    Runtime      # DAGs    # Errors  Last Runtime    Last Run
------------------------------------------  -----  ---------  --------  ----------  --------------  -------------------
/opt/airflow/dags/pipeline-weather-data.py                           0           1  0.74s           2025-12-06T19:07:51
================================================================================
[2025-12-06T19:08:37.653+0000] {manager.py:879} INFO - 
================================================================================
DAG File Processing Stats

File Path                                   PID    Runtime      # DAGs    # Errors  Last Runtime    Last Run
------------------------------------------  -----  ---------  --------  ----------  --------------  -------------------
/opt/airflow/dags/pipeline-weather-data.py                           0           1  0.85s           2025-12-06T19:08:22
================================================================================
[2025-12-06T19:09:02.888+0000] {manager.py:738} INFO - Searching for files in /opt/airflow/dags
[2025-12-06T19:09:02.894+0000] {manager.py:741} INFO - There are 1 files in /opt/airflow/dags
[2025-12-06T19:09:07.932+0000] {manager.py:879} INFO - 
================================================================================
DAG File Processing Stats

File Path                                   PID    Runtime      # DAGs    # Errors  Last Runtime    Last Run
------------------------------------------  -----  ---------  --------  ----------  --------------  -------------------
/opt/airflow/dags/pipeline-weather-data.py                           0           1  0.60s           2025-12-06T19:08:53
================================================================================
[2025-12-06T19:09:38.099+0000] {manager.py:879} INFO - 
================================================================================
DAG File Processing Stats

File Path                                   PID    Runtime      # DAGs    # Errors  Last Runtime    Last Run
------------------------------------------  -----  ---------  --------  ----------  --------------  -------------------
/opt/airflow/dags/pipeline-weather-data.py                           0           1  0.83s           2025-12-06T19:09:24
================================================================================
[2025-12-06T19:10:08.222+0000] {manager.py:879} INFO - 
================================================================================
DAG File Processing Stats

File Path                                   PID    Runtime      # DAGs    # Errors  Last Runtime    Last Run
------------------------------------------  -----  ---------  --------  ----------  --------------  -------------------
/opt/airflow/dags/pipeline-weather-data.py                           0           1  0.58s           2025-12-06T19:09:55
================================================================================
[2025-12-06T19:10:38.825+0000] {manager.py:879} INFO - 
================================================================================
DAG File Processing Stats

File Path                                   PID    Runtime      # DAGs    # Errors  Last Runtime    Last Run
------------------------------------------  -----  ---------  --------  ----------  --------------  -------------------
/opt/airflow/dags/pipeline-weather-data.py                           0           1  0.74s           2025-12-06T19:10:26
================================================================================
[2025-12-06T19:11:08.935+0000] {manager.py:879} INFO - 
================================================================================
DAG File Processing Stats

File Path                                   PID    Runtime      # DAGs    # Errors  Last Runtime    Last Run
------------------------------------------  -----  ---------  --------  ----------  --------------  -------------------
/opt/airflow/dags/pipeline-weather-data.py                           0           1  0.61s           2025-12-06T19:10:56
================================================================================
[2025-12-06T19:11:39.506+0000] {manager.py:879} INFO - 
================================================================================
DAG File Processing Stats

File Path                                   PID    Runtime      # DAGs    # Errors  Last Runtime    Last Run
------------------------------------------  -----  ---------  --------  ----------  --------------  -------------------
/opt/airflow/dags/pipeline-weather-data.py                           0           1  0.56s           2025-12-06T19:11:27
================================================================================
[2025-12-06T19:12:09.908+0000] {manager.py:879} INFO - 
================================================================================
DAG File Processing Stats

File Path                                   PID    Runtime      # DAGs    # Errors  Last Runtime    Last Run
------------------------------------------  -----  ---------  --------  ----------  --------------  -------------------
/opt/airflow/dags/pipeline-weather-data.py                           0           1  0.58s           2025-12-06T19:11:58
================================================================================
[2025-12-06T19:12:40.116+0000] {manager.py:879} INFO - 
================================================================================
DAG File Processing Stats

File Path                                   PID    Runtime      # DAGs    # Errors  Last Runtime    Last Run
------------------------------------------  -----  ---------  --------  ----------  --------------  -------------------
/opt/airflow/dags/pipeline-weather-data.py                           0           1  0.86s           2025-12-06T19:12:29
================================================================================
[2025-12-06T19:13:10.284+0000] {manager.py:879} INFO - 
================================================================================
DAG File Processing Stats

File Path                                   PID    Runtime      # DAGs    # Errors  Last Runtime    Last Run
------------------------------------------  -----  ---------  --------  ----------  --------------  -------------------
/opt/airflow/dags/pipeline-weather-data.py                           0           1  0.62s           2025-12-06T19:13:00
================================================================================
[2025-12-06T19:13:40.838+0000] {manager.py:879} INFO - 
================================================================================
DAG File Processing Stats

File Path                                   PID    Runtime      # DAGs    # Errors  Last Runtime    Last Run
------------------------------------------  -----  ---------  --------  ----------  --------------  -------------------
/opt/airflow/dags/pipeline-weather-data.py                           0           1  0.70s           2025-12-06T19:13:31
================================================================================
[2025-12-06T19:14:02.942+0000] {manager.py:738} INFO - Searching for files in /opt/airflow/dags
[2025-12-06T19:14:02.949+0000] {manager.py:741} INFO - There are 1 files in /opt/airflow/dags
[2025-12-06T19:14:11.009+0000] {manager.py:879} INFO - 
================================================================================
DAG File Processing Stats

File Path                                   PID    Runtime      # DAGs    # Errors  Last Runtime    Last Run
------------------------------------------  -----  ---------  --------  ----------  --------------  -------------------
/opt/airflow/dags/pipeline-weather-data.py                           0           1  0.66s           2025-12-06T19:14:01
================================================================================
[2025-12-06T19:14:41.488+0000] {manager.py:879} INFO - 
================================================================================
DAG File Processing Stats

File Path                                   PID    Runtime      # DAGs    # Errors  Last Runtime    Last Run
------------------------------------------  -----  ---------  --------  ----------  --------------  -------------------
/opt/airflow/dags/pipeline-weather-data.py                           0           1  0.58s           2025-12-06T19:14:32
================================================================================
[2025-12-06T19:15:11.563+0000] {manager.py:879} INFO - 
================================================================================
DAG File Processing Stats

File Path                                   PID    Runtime      # DAGs    # Errors  Last Runtime    Last Run
------------------------------------------  -----  ---------  --------  ----------  --------------  -------------------
/opt/airflow/dags/pipeline-weather-data.py                           0           1  0.64s           2025-12-06T19:15:03
================================================================================
[2025-12-06T19:15:42.095+0000] {manager.py:879} INFO - 
================================================================================
DAG File Processing Stats

File Path                                   PID    Runtime      # DAGs    # Errors  Last Runtime    Last Run
------------------------------------------  -----  ---------  --------  ----------  --------------  -------------------
/opt/airflow/dags/pipeline-weather-data.py                           0           1  0.67s           2025-12-06T19:15:34
================================================================================
[2025-12-06T19:16:12.264+0000] {manager.py:879} INFO - 
================================================================================
DAG File Processing Stats

File Path                                   PID    Runtime      # DAGs    # Errors  Last Runtime    Last Run
------------------------------------------  -----  ---------  --------  ----------  --------------  -------------------
/opt/airflow/dags/pipeline-weather-data.py                           0           1  0.52s           2025-12-06T19:16:05
================================================================================
[2025-12-06T19:16:42.453+0000] {manager.py:879} INFO - 
================================================================================
DAG File Processing Stats

File Path                                   PID    Runtime      # DAGs    # Errors  Last Runtime    Last Run
------------------------------------------  -----  ---------  --------  ----------  --------------  -------------------
/opt/airflow/dags/pipeline-weather-data.py                           0           1  0.47s           2025-12-06T19:16:35
================================================================================
[2025-12-06T19:17:12.632+0000] {manager.py:879} INFO - 
================================================================================
DAG File Processing Stats

File Path                                   PID    Runtime      # DAGs    # Errors  Last Runtime    Last Run
------------------------------------------  -----  ---------  --------  ----------  --------------  -------------------
/opt/airflow/dags/pipeline-weather-data.py                           0           1  0.53s           2025-12-06T19:17:06
================================================================================
[2025-12-06T19:17:42.853+0000] {manager.py:879} INFO - 
================================================================================
DAG File Processing Stats

File Path                                   PID    Runtime      # DAGs    # Errors  Last Runtime    Last Run
------------------------------------------  -----  ---------  --------  ----------  --------------  -------------------
/opt/airflow/dags/pipeline-weather-data.py                           0           1  0.45s           2025-12-06T19:17:37
================================================================================
[2025-12-06T19:18:12.982+0000] {manager.py:879} INFO - 
================================================================================
DAG File Processing Stats

File Path                                   PID    Runtime      # DAGs    # Errors  Last Runtime    Last Run
------------------------------------------  -----  ---------  --------  ----------  --------------  -------------------
/opt/airflow/dags/pipeline-weather-data.py                           0           1  0.51s           2025-12-06T19:18:07
================================================================================
[2025-12-06T19:18:43.166+0000] {manager.py:879} INFO - 
================================================================================
DAG File Processing Stats

File Path                                   PID    Runtime      # DAGs    # Errors  Last Runtime    Last Run
------------------------------------------  -----  ---------  --------  ----------  --------------  -------------------
/opt/airflow/dags/pipeline-weather-data.py                           0           1  0.44s           2025-12-06T19:18:38
================================================================================
[2025-12-06T19:19:03.278+0000] {manager.py:738} INFO - Searching for files in /opt/airflow/dags
[2025-12-06T19:19:03.285+0000] {manager.py:741} INFO - There are 1 files in /opt/airflow/dags
[2025-12-06T19:19:13.298+0000] {manager.py:879} INFO - 
================================================================================
DAG File Processing Stats

File Path                                   PID    Runtime      # DAGs    # Errors  Last Runtime    Last Run
------------------------------------------  -----  ---------  --------  ----------  --------------  -------------------
/opt/airflow/dags/pipeline-weather-data.py                           0           1  0.49s           2025-12-06T19:19:09
================================================================================
[2025-12-06T19:19:43.485+0000] {manager.py:879} INFO - 
================================================================================
DAG File Processing Stats

File Path                                   PID    Runtime      # DAGs    # Errors  Last Runtime    Last Run
------------------------------------------  -----  ---------  --------  ----------  --------------  -------------------
/opt/airflow/dags/pipeline-weather-data.py                           0           1  0.51s           2025-12-06T19:19:39
================================================================================
[2025-12-06T19:20:13.622+0000] {manager.py:879} INFO - 
================================================================================
DAG File Processing Stats

File Path                                   PID    Runtime      # DAGs    # Errors  Last Runtime    Last Run
------------------------------------------  -----  ---------  --------  ----------  --------------  -------------------
/opt/airflow/dags/pipeline-weather-data.py                           0           1  0.46s           2025-12-06T19:20:10
================================================================================
[2025-12-06T19:20:43.801+0000] {manager.py:879} INFO - 
================================================================================
DAG File Processing Stats

File Path                                   PID    Runtime      # DAGs    # Errors  Last Runtime    Last Run
------------------------------------------  -----  ---------  --------  ----------  --------------  -------------------
/opt/airflow/dags/pipeline-weather-data.py                           0           1  0.48s           2025-12-06T19:20:41
================================================================================
[2025-12-06T19:21:13.937+0000] {manager.py:879} INFO - 
================================================================================
DAG File Processing Stats

File Path                                   PID    Runtime      # DAGs    # Errors  Last Runtime    Last Run
------------------------------------------  -----  ---------  --------  ----------  --------------  -------------------
/opt/airflow/dags/pipeline-weather-data.py                           0           1  0.48s           2025-12-06T19:21:11
================================================================================
[2025-12-06T19:21:44.115+0000] {manager.py:879} INFO - 
================================================================================
DAG File Processing Stats

File Path                                   PID    Runtime      # DAGs    # Errors  Last Runtime    Last Run
------------------------------------------  -----  ---------  --------  ----------  --------------  -------------------
/opt/airflow/dags/pipeline-weather-data.py                           0           1  0.49s           2025-12-06T19:21:42
================================================================================
[2025-12-06T19:22:14.234+0000] {manager.py:879} INFO - 
================================================================================
DAG File Processing Stats

File Path                                   PID    Runtime      # DAGs    # Errors  Last Runtime    Last Run
------------------------------------------  -----  ---------  --------  ----------  --------------  -------------------
/opt/airflow/dags/pipeline-weather-data.py                           0           1  0.46s           2025-12-06T19:22:13
================================================================================
[2025-12-06T19:22:44.408+0000] {manager.py:879} INFO - 
================================================================================
DAG File Processing Stats

File Path                                   PID    Runtime      # DAGs    # Errors  Last Runtime    Last Run
------------------------------------------  -----  ---------  --------  ----------  --------------  -------------------
/opt/airflow/dags/pipeline-weather-data.py                           0           1  0.50s           2025-12-06T19:22:43
================================================================================
[2025-12-06T19:23:14.520+0000] {manager.py:879} INFO - 
================================================================================
DAG File Processing Stats

File Path                                   PID    Runtime      # DAGs    # Errors  Last Runtime    Last Run
------------------------------------------  -----  ---------  --------  ----------  --------------  -------------------
/opt/airflow/dags/pipeline-weather-data.py                           0           1  0.44s           2025-12-06T19:23:14
================================================================================
[2025-12-06T19:23:44.694+0000] {manager.py:879} INFO - 
================================================================================
DAG File Processing Stats

File Path                                     PID  Runtime      # DAGs    # Errors  Last Runtime    Last Run
------------------------------------------  -----  ---------  --------  ----------  --------------  -------------------
/opt/airflow/dags/pipeline-weather-data.py    454  0.00s             0           1  0.44s           2025-12-06T19:23:14
================================================================================
[2025-12-06T19:24:03.811+0000] {manager.py:738} INFO - Searching for files in /opt/airflow/dags
[2025-12-06T19:24:03.820+0000] {manager.py:741} INFO - There are 1 files in /opt/airflow/dags
[2025-12-06T19:24:14.884+0000] {manager.py:879} INFO - 
================================================================================
DAG File Processing Stats

File Path                                   PID    Runtime      # DAGs    # Errors  Last Runtime    Last Run
------------------------------------------  -----  ---------  --------  ----------  --------------  -------------------
/opt/airflow/dags/pipeline-weather-data.py                           0           1  0.47s           2025-12-06T19:23:45
================================================================================
[2025-12-06T19:24:45.067+0000] {manager.py:879} INFO - 
================================================================================
DAG File Processing Stats

File Path                                   PID    Runtime      # DAGs    # Errors  Last Runtime    Last Run
------------------------------------------  -----  ---------  --------  ----------  --------------  -------------------
/opt/airflow/dags/pipeline-weather-data.py                           0           1  0.59s           2025-12-06T19:24:15
================================================================================
[2025-12-06T19:25:15.265+0000] {manager.py:879} INFO - 
================================================================================
DAG File Processing Stats

File Path                                   PID    Runtime      # DAGs    # Errors  Last Runtime    Last Run
------------------------------------------  -----  ---------  --------  ----------  --------------  -------------------
/opt/airflow/dags/pipeline-weather-data.py                           0           1  0.45s           2025-12-06T19:24:46
================================================================================
[2025-12-06T19:25:45.426+0000] {manager.py:879} INFO - 
================================================================================
DAG File Processing Stats

File Path                                   PID    Runtime      # DAGs    # Errors  Last Runtime    Last Run
------------------------------------------  -----  ---------  --------  ----------  --------------  -------------------
/opt/airflow/dags/pipeline-weather-data.py                           0           1  0.52s           2025-12-06T19:25:17
================================================================================
[2025-12-06T19:26:15.605+0000] {manager.py:879} INFO - 
================================================================================
DAG File Processing Stats

File Path                                   PID    Runtime      # DAGs    # Errors  Last Runtime    Last Run
------------------------------------------  -----  ---------  --------  ----------  --------------  -------------------
/opt/airflow/dags/pipeline-weather-data.py                           0           1  0.47s           2025-12-06T19:25:47
================================================================================
[2025-12-06T19:26:45.811+0000] {manager.py:879} INFO - 
================================================================================
DAG File Processing Stats

File Path                                   PID    Runtime      # DAGs    # Errors  Last Runtime    Last Run
------------------------------------------  -----  ---------  --------  ----------  --------------  -------------------
/opt/airflow/dags/pipeline-weather-data.py                           0           1  0.54s           2025-12-06T19:26:18
================================================================================
[2025-12-06T19:27:15.991+0000] {manager.py:879} INFO - 
================================================================================
DAG File Processing Stats

File Path                                   PID    Runtime      # DAGs    # Errors  Last Runtime    Last Run
------------------------------------------  -----  ---------  --------  ----------  --------------  -------------------
/opt/airflow/dags/pipeline-weather-data.py                           0           1  0.47s           2025-12-06T19:26:49
================================================================================
[2025-12-06T19:27:46.133+0000] {manager.py:879} INFO - 
================================================================================
DAG File Processing Stats

File Path                                   PID    Runtime      # DAGs    # Errors  Last Runtime    Last Run
------------------------------------------  -----  ---------  --------  ----------  --------------  -------------------
/opt/airflow/dags/pipeline-weather-data.py                           0           1  0.51s           2025-12-06T19:27:19
================================================================================
[2025-12-06T19:28:16.329+0000] {manager.py:879} INFO - 
================================================================================
DAG File Processing Stats

File Path                                   PID    Runtime      # DAGs    # Errors  Last Runtime    Last Run
------------------------------------------  -----  ---------  --------  ----------  --------------  -------------------
/opt/airflow/dags/pipeline-weather-data.py                           0           1  0.43s           2025-12-06T19:27:50
================================================================================
[2025-12-06T19:28:46.394+0000] {manager.py:879} INFO - 
================================================================================
DAG File Processing Stats

File Path                                   PID    Runtime      # DAGs    # Errors  Last Runtime    Last Run
------------------------------------------  -----  ---------  --------  ----------  --------------  -------------------
/opt/airflow/dags/pipeline-weather-data.py                           0           1  0.48s           2025-12-06T19:28:21
================================================================================
[2025-12-06T19:29:03.987+0000] {manager.py:738} INFO - Searching for files in /opt/airflow/dags
[2025-12-06T19:29:03.993+0000] {manager.py:741} INFO - There are 1 files in /opt/airflow/dags
[2025-12-06T19:29:16.572+0000] {manager.py:879} INFO - 
================================================================================
DAG File Processing Stats

File Path                                   PID    Runtime      # DAGs    # Errors  Last Runtime    Last Run
------------------------------------------  -----  ---------  --------  ----------  --------------  -------------------
/opt/airflow/dags/pipeline-weather-data.py                           0           1  0.49s           2025-12-06T19:28:51
================================================================================
[2025-12-06T19:29:46.757+0000] {manager.py:879} INFO - 
================================================================================
DAG File Processing Stats

File Path                                   PID    Runtime      # DAGs    # Errors  Last Runtime    Last Run
------------------------------------------  -----  ---------  --------  ----------  --------------  -------------------
/opt/airflow/dags/pipeline-weather-data.py                           0           1  0.54s           2025-12-06T19:29:22
================================================================================
[2025-12-06T19:30:16.946+0000] {manager.py:879} INFO - 
================================================================================
DAG File Processing Stats

File Path                                   PID    Runtime      # DAGs    # Errors  Last Runtime    Last Run
------------------------------------------  -----  ---------  --------  ----------  --------------  -------------------
/opt/airflow/dags/pipeline-weather-data.py                           0           1  0.55s           2025-12-06T19:29:53
================================================================================
[2025-12-06T19:30:47.090+0000] {manager.py:879} INFO - 
================================================================================
DAG File Processing Stats

File Path                                   PID    Runtime      # DAGs    # Errors  Last Runtime    Last Run
------------------------------------------  -----  ---------  --------  ----------  --------------  -------------------
/opt/airflow/dags/pipeline-weather-data.py                           0           1  0.44s           2025-12-06T19:30:23
================================================================================
[2025-12-06T19:31:17.270+0000] {manager.py:879} INFO - 
================================================================================
DAG File Processing Stats

File Path                                   PID    Runtime      # DAGs    # Errors  Last Runtime    Last Run
------------------------------------------  -----  ---------  --------  ----------  --------------  -------------------
/opt/airflow/dags/pipeline-weather-data.py                           0           1  0.53s           2025-12-06T19:30:54
================================================================================
[2025-12-06T19:31:47.452+0000] {manager.py:879} INFO - 
================================================================================
DAG File Processing Stats

File Path                                   PID    Runtime      # DAGs    # Errors  Last Runtime    Last Run
------------------------------------------  -----  ---------  --------  ----------  --------------  -------------------
/opt/airflow/dags/pipeline-weather-data.py                           0           1  0.48s           2025-12-06T19:31:25
================================================================================
[2025-12-06T19:32:17.655+0000] {manager.py:879} INFO - 
================================================================================
DAG File Processing Stats

File Path                                   PID    Runtime      # DAGs    # Errors  Last Runtime    Last Run
------------------------------------------  -----  ---------  --------  ----------  --------------  -------------------
/opt/airflow/dags/pipeline-weather-data.py                           0           1  0.46s           2025-12-06T19:31:55
================================================================================
[2025-12-06T19:32:47.813+0000] {manager.py:879} INFO - 
================================================================================
DAG File Processing Stats

File Path                                   PID    Runtime      # DAGs    # Errors  Last Runtime    Last Run
------------------------------------------  -----  ---------  --------  ----------  --------------  -------------------
/opt/airflow/dags/pipeline-weather-data.py                           0           1  0.50s           2025-12-06T19:32:26
================================================================================
[2025-12-06T19:33:18.009+0000] {manager.py:879} INFO - 
================================================================================
DAG File Processing Stats

File Path                                   PID    Runtime      # DAGs    # Errors  Last Runtime    Last Run
------------------------------------------  -----  ---------  --------  ----------  --------------  -------------------
/opt/airflow/dags/pipeline-weather-data.py                           0           1  0.47s           2025-12-06T19:32:57
================================================================================
[2025-12-06T19:33:48.205+0000] {manager.py:879} INFO - 
================================================================================
DAG File Processing Stats

File Path                                   PID    Runtime      # DAGs    # Errors  Last Runtime    Last Run
------------------------------------------  -----  ---------  --------  ----------  --------------  -------------------
/opt/airflow/dags/pipeline-weather-data.py                           0           1  0.59s           2025-12-06T19:33:28
================================================================================
[2025-12-06T19:34:04.010+0000] {manager.py:738} INFO - Searching for files in /opt/airflow/dags
[2025-12-06T19:34:04.031+0000] {manager.py:741} INFO - There are 1 files in /opt/airflow/dags
[2025-12-06T19:34:18.223+0000] {manager.py:879} INFO - 
================================================================================
DAG File Processing Stats

File Path                                   PID    Runtime      # DAGs    # Errors  Last Runtime    Last Run
------------------------------------------  -----  ---------  --------  ----------  --------------  -------------------
/opt/airflow/dags/pipeline-weather-data.py                           0           1  0.67s           2025-12-06T19:33:58
================================================================================
[2025-12-06T19:34:48.574+0000] {manager.py:879} INFO - 
================================================================================
DAG File Processing Stats

File Path                                   PID    Runtime      # DAGs    # Errors  Last Runtime    Last Run
------------------------------------------  -----  ---------  --------  ----------  --------------  -------------------
/opt/airflow/dags/pipeline-weather-data.py                           0           1  0.66s           2025-12-06T19:34:30
================================================================================
[2025-12-06T19:35:18.744+0000] {manager.py:879} INFO - 
================================================================================
DAG File Processing Stats

File Path                                   PID    Runtime      # DAGs    # Errors  Last Runtime    Last Run
------------------------------------------  -----  ---------  --------  ----------  --------------  -------------------
/opt/airflow/dags/pipeline-weather-data.py                           0           1  0.48s           2025-12-06T19:35:00
================================================================================
[2025-12-06T19:35:48.950+0000] {manager.py:879} INFO - 
================================================================================
DAG File Processing Stats

File Path                                   PID    Runtime      # DAGs    # Errors  Last Runtime    Last Run
------------------------------------------  -----  ---------  --------  ----------  --------------  -------------------
/opt/airflow/dags/pipeline-weather-data.py                           0           1  0.58s           2025-12-06T19:35:31
================================================================================
[2025-12-06T19:36:19.150+0000] {manager.py:879} INFO - 
================================================================================
DAG File Processing Stats

File Path                                   PID    Runtime      # DAGs    # Errors  Last Runtime    Last Run
------------------------------------------  -----  ---------  --------  ----------  --------------  -------------------
/opt/airflow/dags/pipeline-weather-data.py                           0           1  0.50s           2025-12-06T19:36:02
================================================================================
[2025-12-06T19:36:49.423+0000] {manager.py:879} INFO - 
================================================================================
DAG File Processing Stats

File Path                                   PID    Runtime      # DAGs    # Errors  Last Runtime    Last Run
------------------------------------------  -----  ---------  --------  ----------  --------------  -------------------
/opt/airflow/dags/pipeline-weather-data.py                           0           1  0.55s           2025-12-06T19:36:32
================================================================================
[2025-12-06T19:37:19.570+0000] {manager.py:879} INFO - 
================================================================================
DAG File Processing Stats

File Path                                   PID    Runtime      # DAGs    # Errors  Last Runtime    Last Run
------------------------------------------  -----  ---------  --------  ----------  --------------  -------------------
/opt/airflow/dags/pipeline-weather-data.py                           0           1  0.48s           2025-12-06T19:37:03
================================================================================
[2025-12-06T19:37:49.753+0000] {manager.py:879} INFO - 
================================================================================
DAG File Processing Stats

File Path                                   PID    Runtime      # DAGs    # Errors  Last Runtime    Last Run
------------------------------------------  -----  ---------  --------  ----------  --------------  -------------------
/opt/airflow/dags/pipeline-weather-data.py                           0           1  0.45s           2025-12-06T19:37:34
================================================================================
[2025-12-06T19:38:19.851+0000] {manager.py:879} INFO - 
================================================================================
DAG File Processing Stats

File Path                                   PID    Runtime      # DAGs    # Errors  Last Runtime    Last Run
------------------------------------------  -----  ---------  --------  ----------  --------------  -------------------
/opt/airflow/dags/pipeline-weather-data.py                           0           1  0.48s           2025-12-06T19:38:04
================================================================================
[2025-12-06T19:38:50.025+0000] {manager.py:879} INFO - 
================================================================================
DAG File Processing Stats

File Path                                   PID    Runtime      # DAGs    # Errors  Last Runtime    Last Run
------------------------------------------  -----  ---------  --------  ----------  --------------  -------------------
/opt/airflow/dags/pipeline-weather-data.py                           0           1  0.46s           2025-12-06T19:38:35
================================================================================
[2025-12-06T19:39:04.098+0000] {manager.py:738} INFO - Searching for files in /opt/airflow/dags
[2025-12-06T19:39:04.107+0000] {manager.py:741} INFO - There are 1 files in /opt/airflow/dags
[2025-12-06T19:39:20.186+0000] {manager.py:879} INFO - 
================================================================================
DAG File Processing Stats

File Path                                   PID    Runtime      # DAGs    # Errors  Last Runtime    Last Run
------------------------------------------  -----  ---------  --------  ----------  --------------  -------------------
/opt/airflow/dags/pipeline-weather-data.py                           0           1  0.51s           2025-12-06T19:39:06
================================================================================
[2025-12-06T19:39:50.825+0000] {manager.py:879} INFO - 
================================================================================
DAG File Processing Stats

File Path                                   PID    Runtime      # DAGs    # Errors  Last Runtime    Last Run
------------------------------------------  -----  ---------  --------  ----------  --------------  -------------------
/opt/airflow/dags/pipeline-weather-data.py                           0           1  0.52s           2025-12-06T19:39:36
================================================================================
[2025-12-06T19:40:21.032+0000] {manager.py:879} INFO - 
================================================================================
DAG File Processing Stats

File Path                                   PID    Runtime      # DAGs    # Errors  Last Runtime    Last Run
------------------------------------------  -----  ---------  --------  ----------  --------------  -------------------
/opt/airflow/dags/pipeline-weather-data.py                           0           1  0.47s           2025-12-06T19:40:07
================================================================================
[2025-12-06T19:40:51.206+0000] {manager.py:879} INFO - 
================================================================================
DAG File Processing Stats

File Path                                   PID    Runtime      # DAGs    # Errors  Last Runtime    Last Run
------------------------------------------  -----  ---------  --------  ----------  --------------  -------------------
/opt/airflow/dags/pipeline-weather-data.py                           0           1  0.61s           2025-12-06T19:40:38
================================================================================
[2025-12-06T19:41:21.409+0000] {manager.py:879} INFO - 
================================================================================
DAG File Processing Stats

File Path                                   PID    Runtime      # DAGs    # Errors  Last Runtime    Last Run
------------------------------------------  -----  ---------  --------  ----------  --------------  -------------------
/opt/airflow/dags/pipeline-weather-data.py                           0           1  0.47s           2025-12-06T19:41:08
================================================================================
[2025-12-06T19:41:51.579+0000] {manager.py:879} INFO - 
================================================================================
DAG File Processing Stats

File Path                                   PID    Runtime      # DAGs    # Errors  Last Runtime    Last Run
------------------------------------------  -----  ---------  --------  ----------  --------------  -------------------
/opt/airflow/dags/pipeline-weather-data.py                           0           1  0.53s           2025-12-06T19:41:39
================================================================================
[2025-12-06T19:42:21.785+0000] {manager.py:879} INFO - 
================================================================================
DAG File Processing Stats

File Path                                   PID    Runtime      # DAGs    # Errors  Last Runtime    Last Run
------------------------------------------  -----  ---------  --------  ----------  --------------  -------------------
/opt/airflow/dags/pipeline-weather-data.py                           0           1  0.50s           2025-12-06T19:42:10
================================================================================
[2025-12-06T19:42:51.877+0000] {manager.py:879} INFO - 
================================================================================
DAG File Processing Stats

File Path                                   PID    Runtime      # DAGs    # Errors  Last Runtime    Last Run
------------------------------------------  -----  ---------  --------  ----------  --------------  -------------------
/opt/airflow/dags/pipeline-weather-data.py                           0           1  0.45s           2025-12-06T19:42:40
================================================================================
[2025-12-06T19:43:22.054+0000] {manager.py:879} INFO - 
================================================================================
DAG File Processing Stats

File Path                                   PID    Runtime      # DAGs    # Errors  Last Runtime    Last Run
------------------------------------------  -----  ---------  --------  ----------  --------------  -------------------
/opt/airflow/dags/pipeline-weather-data.py                           0           1  0.45s           2025-12-06T19:43:11
================================================================================
[2025-12-06T19:43:52.300+0000] {manager.py:879} INFO - 
================================================================================
DAG File Processing Stats

File Path                                   PID    Runtime      # DAGs    # Errors  Last Runtime    Last Run
------------------------------------------  -----  ---------  --------  ----------  --------------  -------------------
/opt/airflow/dags/pipeline-weather-data.py                           0           1  0.51s           2025-12-06T19:43:42
================================================================================
[2025-12-06T19:44:04.371+0000] {manager.py:738} INFO - Searching for files in /opt/airflow/dags
[2025-12-06T19:44:04.378+0000] {manager.py:741} INFO - There are 1 files in /opt/airflow/dags
[2025-12-06T19:44:22.849+0000] {manager.py:879} INFO - 
================================================================================
DAG File Processing Stats

File Path                                   PID    Runtime      # DAGs    # Errors  Last Runtime    Last Run
------------------------------------------  -----  ---------  --------  ----------  --------------  -------------------
/opt/airflow/dags/pipeline-weather-data.py                           0           1  0.45s           2025-12-06T19:44:12
================================================================================
[2025-12-06T19:44:53.116+0000] {manager.py:879} INFO - 
================================================================================
DAG File Processing Stats

File Path                                   PID    Runtime      # DAGs    # Errors  Last Runtime    Last Run
------------------------------------------  -----  ---------  --------  ----------  --------------  -------------------
/opt/airflow/dags/pipeline-weather-data.py                           0           1  0.44s           2025-12-06T19:44:43
================================================================================
[2025-12-06T19:45:23.655+0000] {manager.py:879} INFO - 
================================================================================
DAG File Processing Stats

File Path                                   PID    Runtime      # DAGs    # Errors  Last Runtime    Last Run
------------------------------------------  -----  ---------  --------  ----------  --------------  -------------------
/opt/airflow/dags/pipeline-weather-data.py                           0           1  0.43s           2025-12-06T19:45:14
================================================================================
[2025-12-06T19:45:53.840+0000] {manager.py:879} INFO - 
================================================================================
DAG File Processing Stats

File Path                                   PID    Runtime      # DAGs    # Errors  Last Runtime    Last Run
------------------------------------------  -----  ---------  --------  ----------  --------------  -------------------
/opt/airflow/dags/pipeline-weather-data.py                           0           1  0.77s           2025-12-06T19:45:44
================================================================================
[2025-12-06T19:46:24.208+0000] {manager.py:879} INFO - 
================================================================================
DAG File Processing Stats

File Path                                   PID    Runtime      # DAGs    # Errors  Last Runtime    Last Run
------------------------------------------  -----  ---------  --------  ----------  --------------  -------------------
/opt/airflow/dags/pipeline-weather-data.py                           0           1  0.48s           2025-12-06T19:46:15
================================================================================
[2025-12-06T19:46:54.268+0000] {manager.py:879} INFO - 
================================================================================
DAG File Processing Stats

File Path                                   PID    Runtime      # DAGs    # Errors  Last Runtime    Last Run
------------------------------------------  -----  ---------  --------  ----------  --------------  -------------------
/opt/airflow/dags/pipeline-weather-data.py                           0           1  0.42s           2025-12-06T19:46:46
================================================================================
[2025-12-06T19:47:25.043+0000] {manager.py:879} INFO - 
================================================================================
DAG File Processing Stats

File Path                                   PID    Runtime      # DAGs    # Errors  Last Runtime    Last Run
------------------------------------------  -----  ---------  --------  ----------  --------------  -------------------
/opt/airflow/dags/pipeline-weather-data.py                           0           1  0.62s           2025-12-06T19:47:17
================================================================================
[2025-12-06T19:47:55.243+0000] {manager.py:879} INFO - 
================================================================================
DAG File Processing Stats

File Path                                   PID    Runtime      # DAGs    # Errors  Last Runtime    Last Run
------------------------------------------  -----  ---------  --------  ----------  --------------  -------------------
/opt/airflow/dags/pipeline-weather-data.py                           0           1  0.49s           2025-12-06T19:47:47
================================================================================
[2025-12-06T19:48:25.319+0000] {manager.py:879} INFO - 
================================================================================
DAG File Processing Stats

File Path                                   PID    Runtime      # DAGs    # Errors  Last Runtime    Last Run
------------------------------------------  -----  ---------  --------  ----------  --------------  -------------------
/opt/airflow/dags/pipeline-weather-data.py                           0           1  0.43s           2025-12-06T19:48:18
================================================================================
[2025-12-06T19:48:56.068+0000] {manager.py:879} INFO - 
================================================================================
DAG File Processing Stats

File Path                                   PID    Runtime      # DAGs    # Errors  Last Runtime    Last Run
------------------------------------------  -----  ---------  --------  ----------  --------------  -------------------
/opt/airflow/dags/pipeline-weather-data.py                           0           1  0.59s           2025-12-06T19:48:49
================================================================================
[2025-12-06T19:49:05.124+0000] {manager.py:738} INFO - Searching for files in /opt/airflow/dags
[2025-12-06T19:49:05.130+0000] {manager.py:741} INFO - There are 1 files in /opt/airflow/dags
[2025-12-06T19:49:26.282+0000] {manager.py:879} INFO - 
================================================================================
DAG File Processing Stats

File Path                                   PID    Runtime      # DAGs    # Errors  Last Runtime    Last Run
------------------------------------------  -----  ---------  --------  ----------  --------------  -------------------
/opt/airflow/dags/pipeline-weather-data.py                           0           1  0.56s           2025-12-06T19:49:19
================================================================================
[2025-12-06T19:49:56.598+0000] {manager.py:879} INFO - 
================================================================================
DAG File Processing Stats

File Path                                   PID    Runtime      # DAGs    # Errors  Last Runtime    Last Run
------------------------------------------  -----  ---------  --------  ----------  --------------  -------------------
/opt/airflow/dags/pipeline-weather-data.py                           0           1  0.67s           2025-12-06T19:49:50
================================================================================
[2025-12-06T19:50:26.832+0000] {manager.py:879} INFO - 
================================================================================
DAG File Processing Stats

File Path                                   PID    Runtime      # DAGs    # Errors  Last Runtime    Last Run
------------------------------------------  -----  ---------  --------  ----------  --------------  -------------------
/opt/airflow/dags/pipeline-weather-data.py                           0           1  0.63s           2025-12-06T19:50:21
================================================================================
[2025-12-06T19:50:57.181+0000] {manager.py:879} INFO - 
================================================================================
DAG File Processing Stats

File Path                                   PID    Runtime      # DAGs    # Errors  Last Runtime    Last Run
------------------------------------------  -----  ---------  --------  ----------  --------------  -------------------
/opt/airflow/dags/pipeline-weather-data.py                           0           1  0.56s           2025-12-06T19:50:52
================================================================================
[2025-12-06T19:51:27.483+0000] {manager.py:879} INFO - 
================================================================================
DAG File Processing Stats

File Path                                   PID    Runtime      # DAGs    # Errors  Last Runtime    Last Run
------------------------------------------  -----  ---------  --------  ----------  --------------  -------------------
/opt/airflow/dags/pipeline-weather-data.py                           0           1  0.60s           2025-12-06T19:51:22
================================================================================
[2025-12-06T19:51:57.654+0000] {manager.py:879} INFO - 
================================================================================
DAG File Processing Stats

File Path                                   PID    Runtime      # DAGs    # Errors  Last Runtime    Last Run
------------------------------------------  -----  ---------  --------  ----------  --------------  -------------------
/opt/airflow/dags/pipeline-weather-data.py                           0           1  0.63s           2025-12-06T19:51:53
================================================================================
[2025-12-06T19:52:27.967+0000] {manager.py:879} INFO - 
================================================================================
DAG File Processing Stats

File Path                                   PID    Runtime      # DAGs    # Errors  Last Runtime    Last Run
------------------------------------------  -----  ---------  --------  ----------  --------------  -------------------
/opt/airflow/dags/pipeline-weather-data.py                           0           1  0.48s           2025-12-06T19:52:24
================================================================================
[2025-12-06T19:52:58.140+0000] {manager.py:879} INFO - 
================================================================================
DAG File Processing Stats

File Path                                   PID    Runtime      # DAGs    # Errors  Last Runtime    Last Run
------------------------------------------  -----  ---------  --------  ----------  --------------  -------------------
/opt/airflow/dags/pipeline-weather-data.py                           0           1  0.69s           2025-12-06T19:52:55
================================================================================
[2025-12-06T19:53:28.445+0000] {manager.py:879} INFO - 
================================================================================
DAG File Processing Stats

File Path                                   PID    Runtime      # DAGs    # Errors  Last Runtime    Last Run
------------------------------------------  -----  ---------  --------  ----------  --------------  -------------------
/opt/airflow/dags/pipeline-weather-data.py                           0           1  0.69s           2025-12-06T19:53:26
================================================================================
[2025-12-06T19:53:58.641+0000] {manager.py:879} INFO - 
================================================================================
DAG File Processing Stats

File Path                                   PID    Runtime      # DAGs    # Errors  Last Runtime    Last Run
------------------------------------------  -----  ---------  --------  ----------  --------------  -------------------
/opt/airflow/dags/pipeline-weather-data.py                           0           1  0.64s           2025-12-06T19:53:56
================================================================================
[2025-12-06T19:54:05.687+0000] {manager.py:738} INFO - Searching for files in /opt/airflow/dags
[2025-12-06T19:54:05.695+0000] {manager.py:741} INFO - There are 1 files in /opt/airflow/dags
[2025-12-06T19:54:28.678+0000] {manager.py:879} INFO - 
================================================================================
DAG File Processing Stats

File Path                                   PID    Runtime      # DAGs    # Errors  Last Runtime    Last Run
------------------------------------------  -----  ---------  --------  ----------  --------------  -------------------
/opt/airflow/dags/pipeline-weather-data.py                           0           1  0.67s           2025-12-06T19:54:27
================================================================================
[2025-12-06T19:54:59.214+0000] {manager.py:879} INFO - 
================================================================================
DAG File Processing Stats

File Path                                   PID    Runtime      # DAGs    # Errors  Last Runtime    Last Run
------------------------------------------  -----  ---------  --------  ----------  --------------  -------------------
/opt/airflow/dags/pipeline-weather-data.py                           0           1  0.57s           2025-12-06T19:54:58
================================================================================
[2025-12-06T19:55:29.587+0000] {manager.py:879} INFO - 
================================================================================
DAG File Processing Stats

File Path                                   PID    Runtime      # DAGs    # Errors  Last Runtime    Last Run
------------------------------------------  -----  ---------  --------  ----------  --------------  -------------------
/opt/airflow/dags/pipeline-weather-data.py                           0           1  0.67s           2025-12-06T19:55:29
================================================================================
[2025-12-06T19:55:59.781+0000] {manager.py:879} INFO - 
================================================================================
DAG File Processing Stats

File Path                                     PID  Runtime      # DAGs    # Errors  Last Runtime    Last Run
------------------------------------------  -----  ---------  --------  ----------  --------------  -------------------
/opt/airflow/dags/pipeline-weather-data.py    963  0.50s             0           1  0.67s           2025-12-06T19:55:29
================================================================================
[2025-12-06T19:56:29.958+0000] {manager.py:879} INFO - 
================================================================================
DAG File Processing Stats

File Path                                   PID    Runtime      # DAGs    # Errors  Last Runtime    Last Run
------------------------------------------  -----  ---------  --------  ----------  --------------  -------------------
/opt/airflow/dags/pipeline-weather-data.py                           0           1  0.70s           2025-12-06T19:55:59
================================================================================
[2025-12-06T19:57:00.320+0000] {manager.py:879} INFO - 
================================================================================
DAG File Processing Stats

File Path                                   PID    Runtime      # DAGs    # Errors  Last Runtime    Last Run
------------------------------------------  -----  ---------  --------  ----------  --------------  -------------------
/opt/airflow/dags/pipeline-weather-data.py                           0           1  0.61s           2025-12-06T19:56:30
================================================================================
[2025-12-06T19:57:30.502+0000] {manager.py:879} INFO - 
================================================================================
DAG File Processing Stats

File Path                                   PID    Runtime      # DAGs    # Errors  Last Runtime    Last Run
------------------------------------------  -----  ---------  --------  ----------  --------------  -------------------
/opt/airflow/dags/pipeline-weather-data.py                           0           1  0.68s           2025-12-06T19:57:01
================================================================================
[2025-12-06T19:58:00.677+0000] {manager.py:879} INFO - 
================================================================================
DAG File Processing Stats

File Path                                   PID    Runtime      # DAGs    # Errors  Last Runtime    Last Run
------------------------------------------  -----  ---------  --------  ----------  --------------  -------------------
/opt/airflow/dags/pipeline-weather-data.py                           0           1  0.75s           2025-12-06T19:57:32
================================================================================
[2025-12-06T19:58:30.881+0000] {manager.py:879} INFO - 
================================================================================
DAG File Processing Stats

File Path                                   PID    Runtime      # DAGs    # Errors  Last Runtime    Last Run
------------------------------------------  -----  ---------  --------  ----------  --------------  -------------------
/opt/airflow/dags/pipeline-weather-data.py                           0           1  0.57s           2025-12-06T19:58:03
================================================================================
[2025-12-06T19:59:01.052+0000] {manager.py:879} INFO - 
================================================================================
DAG File Processing Stats

File Path                                   PID    Runtime      # DAGs    # Errors  Last Runtime    Last Run
------------------------------------------  -----  ---------  --------  ----------  --------------  -------------------
/opt/airflow/dags/pipeline-weather-data.py                           0           1  0.61s           2025-12-06T19:58:34
================================================================================
[2025-12-06T19:59:06.010+0000] {manager.py:738} INFO - Searching for files in /opt/airflow/dags
[2025-12-06T19:59:06.017+0000] {manager.py:741} INFO - There are 1 files in /opt/airflow/dags
[2025-12-06T19:59:31.180+0000] {manager.py:879} INFO - 
================================================================================
DAG File Processing Stats

File Path                                   PID    Runtime      # DAGs    # Errors  Last Runtime    Last Run
------------------------------------------  -----  ---------  --------  ----------  --------------  -------------------
/opt/airflow/dags/pipeline-weather-data.py                           0           1  0.71s           2025-12-06T19:59:04
================================================================================
[2025-12-06T20:00:01.603+0000] {manager.py:879} INFO - 
================================================================================
DAG File Processing Stats

File Path                                   PID    Runtime      # DAGs    # Errors  Last Runtime    Last Run
------------------------------------------  -----  ---------  --------  ----------  --------------  -------------------
/opt/airflow/dags/pipeline-weather-data.py                           0           1  0.64s           2025-12-06T19:59:35
================================================================================
[2025-12-06T20:00:31.780+0000] {manager.py:879} INFO - 
================================================================================
DAG File Processing Stats

File Path                                   PID    Runtime      # DAGs    # Errors  Last Runtime    Last Run
------------------------------------------  -----  ---------  --------  ----------  --------------  -------------------
/opt/airflow/dags/pipeline-weather-data.py                           0           1  0.79s           2025-12-06T20:00:06
================================================================================
[2025-12-06T20:01:01.813+0000] {manager.py:879} INFO - 
================================================================================
DAG File Processing Stats

File Path                                   PID    Runtime      # DAGs    # Errors  Last Runtime    Last Run
------------------------------------------  -----  ---------  --------  ----------  --------------  -------------------
/opt/airflow/dags/pipeline-weather-data.py                           0           1  0.64s           2025-12-06T20:00:37
================================================================================
[2025-12-06T20:01:32.286+0000] {manager.py:879} INFO - 
================================================================================
DAG File Processing Stats

File Path                                   PID    Runtime      # DAGs    # Errors  Last Runtime    Last Run
------------------------------------------  -----  ---------  --------  ----------  --------------  -------------------
/opt/airflow/dags/pipeline-weather-data.py                           0           1  0.64s           2025-12-06T20:01:08
================================================================================
[2025-12-06T20:02:02.430+0000] {manager.py:879} INFO - 
================================================================================
DAG File Processing Stats

File Path                                   PID    Runtime      # DAGs    # Errors  Last Runtime    Last Run
------------------------------------------  -----  ---------  --------  ----------  --------------  -------------------
/opt/airflow/dags/pipeline-weather-data.py                           0           1  0.65s           2025-12-06T20:01:39
================================================================================
[2025-12-06T20:02:32.975+0000] {manager.py:879} INFO - 
================================================================================
DAG File Processing Stats

File Path                                   PID    Runtime      # DAGs    # Errors  Last Runtime    Last Run
------------------------------------------  -----  ---------  --------  ----------  --------------  -------------------
/opt/airflow/dags/pipeline-weather-data.py                           0           1  0.61s           2025-12-06T20:02:10
================================================================================
[2025-12-06T20:03:03.204+0000] {manager.py:879} INFO - 
================================================================================
DAG File Processing Stats

File Path                                   PID    Runtime      # DAGs    # Errors  Last Runtime    Last Run
------------------------------------------  -----  ---------  --------  ----------  --------------  -------------------
/opt/airflow/dags/pipeline-weather-data.py                           0           1  0.78s           2025-12-06T20:02:41
================================================================================
[2025-12-06T20:03:33.430+0000] {manager.py:879} INFO - 
================================================================================
DAG File Processing Stats

File Path                                   PID    Runtime      # DAGs    # Errors  Last Runtime    Last Run
------------------------------------------  -----  ---------  --------  ----------  --------------  -------------------
/opt/airflow/dags/pipeline-weather-data.py                           0           1  0.63s           2025-12-06T20:03:11
================================================================================
[2025-12-06T20:04:03.608+0000] {manager.py:879} INFO - 
================================================================================
DAG File Processing Stats

File Path                                   PID    Runtime      # DAGs    # Errors  Last Runtime    Last Run
------------------------------------------  -----  ---------  --------  ----------  --------------  -------------------
/opt/airflow/dags/pipeline-weather-data.py                           0           1  0.68s           2025-12-06T20:03:42
================================================================================
[2025-12-06T20:04:06.623+0000] {manager.py:738} INFO - Searching for files in /opt/airflow/dags
[2025-12-06T20:04:06.630+0000] {manager.py:741} INFO - There are 1 files in /opt/airflow/dags
[2025-12-06T20:04:33.773+0000] {manager.py:879} INFO - 
================================================================================
DAG File Processing Stats

File Path                                   PID    Runtime      # DAGs    # Errors  Last Runtime    Last Run
------------------------------------------  -----  ---------  --------  ----------  --------------  -------------------
/opt/airflow/dags/pipeline-weather-data.py                           0           1  0.75s           2025-12-06T20:04:13
================================================================================
[2025-12-06T20:05:04.185+0000] {manager.py:879} INFO - 
================================================================================
DAG File Processing Stats

File Path                                   PID    Runtime      # DAGs    # Errors  Last Runtime    Last Run
------------------------------------------  -----  ---------  --------  ----------  --------------  -------------------
/opt/airflow/dags/pipeline-weather-data.py                           0           1  0.67s           2025-12-06T20:04:44
================================================================================
[2025-12-06T20:05:34.440+0000] {manager.py:879} INFO - 
================================================================================
DAG File Processing Stats

File Path                                   PID    Runtime      # DAGs    # Errors  Last Runtime    Last Run
------------------------------------------  -----  ---------  --------  ----------  --------------  -------------------
/opt/airflow/dags/pipeline-weather-data.py                           0           1  0.73s           2025-12-06T20:05:15
================================================================================
[2025-12-06T20:06:04.742+0000] {manager.py:879} INFO - 
================================================================================
DAG File Processing Stats

File Path                                   PID    Runtime      # DAGs    # Errors  Last Runtime    Last Run
------------------------------------------  -----  ---------  --------  ----------  --------------  -------------------
/opt/airflow/dags/pipeline-weather-data.py                           0           1  0.62s           2025-12-06T20:05:46
================================================================================
[2025-12-06T20:06:34.925+0000] {manager.py:879} INFO - 
================================================================================
DAG File Processing Stats

File Path                                   PID    Runtime      # DAGs    # Errors  Last Runtime    Last Run
------------------------------------------  -----  ---------  --------  ----------  --------------  -------------------
/opt/airflow/dags/pipeline-weather-data.py                           0           1  0.65s           2025-12-06T20:06:16
================================================================================
[2025-12-06T20:07:05.239+0000] {manager.py:879} INFO - 
================================================================================
DAG File Processing Stats

File Path                                   PID    Runtime      # DAGs    # Errors  Last Runtime    Last Run
------------------------------------------  -----  ---------  --------  ----------  --------------  -------------------
/opt/airflow/dags/pipeline-weather-data.py                           0           1  0.79s           2025-12-06T20:06:47
================================================================================
[2025-12-06T20:07:35.479+0000] {manager.py:879} INFO - 
================================================================================
DAG File Processing Stats

File Path                                   PID    Runtime      # DAGs    # Errors  Last Runtime    Last Run
------------------------------------------  -----  ---------  --------  ----------  --------------  -------------------
/opt/airflow/dags/pipeline-weather-data.py                           0           1  0.73s           2025-12-06T20:07:18
================================================================================
[2025-12-06T20:08:05.623+0000] {manager.py:879} INFO - 
================================================================================
DAG File Processing Stats

File Path                                   PID    Runtime      # DAGs    # Errors  Last Runtime    Last Run
------------------------------------------  -----  ---------  --------  ----------  --------------  -------------------
/opt/airflow/dags/pipeline-weather-data.py                           0           1  0.59s           2025-12-06T20:07:49
================================================================================
[2025-12-06T20:08:36.151+0000] {manager.py:879} INFO - 
================================================================================
DAG File Processing Stats

File Path                                   PID    Runtime      # DAGs    # Errors  Last Runtime    Last Run
------------------------------------------  -----  ---------  --------  ----------  --------------  -------------------
/opt/airflow/dags/pipeline-weather-data.py                           0           1  0.61s           2025-12-06T20:08:20
================================================================================
[2025-12-06T20:09:06.187+0000] {manager.py:879} INFO - 
================================================================================
DAG File Processing Stats

File Path                                   PID    Runtime      # DAGs    # Errors  Last Runtime    Last Run
------------------------------------------  -----  ---------  --------  ----------  --------------  -------------------
/opt/airflow/dags/pipeline-weather-data.py                           0           1  0.62s           2025-12-06T20:08:51
================================================================================
[2025-12-06T20:09:07.195+0000] {manager.py:738} INFO - Searching for files in /opt/airflow/dags
[2025-12-06T20:09:07.203+0000] {manager.py:741} INFO - There are 1 files in /opt/airflow/dags
[2025-12-06T20:09:36.791+0000] {manager.py:879} INFO - 
================================================================================
DAG File Processing Stats

File Path                                   PID    Runtime      # DAGs    # Errors  Last Runtime    Last Run
------------------------------------------  -----  ---------  --------  ----------  --------------  -------------------
/opt/airflow/dags/pipeline-weather-data.py                           0           1  0.71s           2025-12-06T20:09:22
================================================================================
[2025-12-06T20:10:06.991+0000] {manager.py:879} INFO - 
================================================================================
DAG File Processing Stats

File Path                                   PID    Runtime      # DAGs    # Errors  Last Runtime    Last Run
------------------------------------------  -----  ---------  --------  ----------  --------------  -------------------
/opt/airflow/dags/pipeline-weather-data.py                           0           1  0.71s           2025-12-06T20:09:52
================================================================================
[2025-12-06T20:10:37.188+0000] {manager.py:879} INFO - 
================================================================================
DAG File Processing Stats

File Path                                   PID    Runtime      # DAGs    # Errors  Last Runtime    Last Run
------------------------------------------  -----  ---------  --------  ----------  --------------  -------------------
/opt/airflow/dags/pipeline-weather-data.py                           0           1  0.64s           2025-12-06T20:10:23
================================================================================
[2025-12-06T20:11:07.352+0000] {manager.py:879} INFO - 
================================================================================
DAG File Processing Stats

File Path                                   PID    Runtime      # DAGs    # Errors  Last Runtime    Last Run
------------------------------------------  -----  ---------  --------  ----------  --------------  -------------------
/opt/airflow/dags/pipeline-weather-data.py                           0           1  0.61s           2025-12-06T20:10:54
================================================================================
[2025-12-06T20:11:37.520+0000] {manager.py:879} INFO - 
================================================================================
DAG File Processing Stats

File Path                                   PID    Runtime      # DAGs    # Errors  Last Runtime    Last Run
------------------------------------------  -----  ---------  --------  ----------  --------------  -------------------
/opt/airflow/dags/pipeline-weather-data.py                           0           1  0.73s           2025-12-06T20:11:25
================================================================================
[2025-12-06T20:12:07.955+0000] {manager.py:879} INFO - 
================================================================================
DAG File Processing Stats

File Path                                   PID    Runtime      # DAGs    # Errors  Last Runtime    Last Run
------------------------------------------  -----  ---------  --------  ----------  --------------  -------------------
/opt/airflow/dags/pipeline-weather-data.py                           0           1  0.69s           2025-12-06T20:11:56
================================================================================
[2025-12-06T20:12:38.123+0000] {manager.py:879} INFO - 
================================================================================
DAG File Processing Stats

File Path                                   PID    Runtime      # DAGs    # Errors  Last Runtime    Last Run
------------------------------------------  -----  ---------  --------  ----------  --------------  -------------------
/opt/airflow/dags/pipeline-weather-data.py                           0           1  0.88s           2025-12-06T20:12:27
================================================================================
[2025-12-06T20:13:08.305+0000] {manager.py:879} INFO - 
================================================================================
DAG File Processing Stats

File Path                                   PID    Runtime      # DAGs    # Errors  Last Runtime    Last Run
------------------------------------------  -----  ---------  --------  ----------  --------------  -------------------
/opt/airflow/dags/pipeline-weather-data.py                           0           1  0.70s           2025-12-06T20:12:58
================================================================================
[2025-12-06T20:13:38.600+0000] {manager.py:879} INFO - 
================================================================================
DAG File Processing Stats

File Path                                   PID    Runtime      # DAGs    # Errors  Last Runtime    Last Run
------------------------------------------  -----  ---------  --------  ----------  --------------  -------------------
/opt/airflow/dags/pipeline-weather-data.py                           0           1  0.62s           2025-12-06T20:13:29
================================================================================
[2025-12-06T20:14:07.764+0000] {manager.py:738} INFO - Searching for files in /opt/airflow/dags
[2025-12-06T20:14:07.772+0000] {manager.py:741} INFO - There are 1 files in /opt/airflow/dags
[2025-12-06T20:14:08.788+0000] {manager.py:879} INFO - 
================================================================================
DAG File Processing Stats

File Path                                   PID    Runtime      # DAGs    # Errors  Last Runtime    Last Run
------------------------------------------  -----  ---------  --------  ----------  --------------  -------------------
/opt/airflow/dags/pipeline-weather-data.py                           0           1  0.60s           2025-12-06T20:13:59
================================================================================
[2025-12-06T20:14:39.036+0000] {manager.py:879} INFO - 
================================================================================
DAG File Processing Stats

File Path                                   PID    Runtime      # DAGs    # Errors  Last Runtime    Last Run
------------------------------------------  -----  ---------  --------  ----------  --------------  -------------------
/opt/airflow/dags/pipeline-weather-data.py                           0           1  0.70s           2025-12-06T20:14:30
================================================================================
[2025-12-06T20:15:09.203+0000] {manager.py:879} INFO - 
================================================================================
DAG File Processing Stats

File Path                                   PID    Runtime      # DAGs    # Errors  Last Runtime    Last Run
------------------------------------------  -----  ---------  --------  ----------  --------------  -------------------
/opt/airflow/dags/pipeline-weather-data.py                           0           1  0.59s           2025-12-06T20:15:01
================================================================================
[2025-12-06T20:15:39.281+0000] {manager.py:879} INFO - 
================================================================================
DAG File Processing Stats

File Path                                   PID    Runtime      # DAGs    # Errors  Last Runtime    Last Run
------------------------------------------  -----  ---------  --------  ----------  --------------  -------------------
/opt/airflow/dags/pipeline-weather-data.py                           0           1  0.65s           2025-12-06T20:15:32
================================================================================
[2025-12-06T20:16:09.775+0000] {manager.py:879} INFO - 
================================================================================
DAG File Processing Stats

File Path                                   PID    Runtime      # DAGs    # Errors  Last Runtime    Last Run
------------------------------------------  -----  ---------  --------  ----------  --------------  -------------------
/opt/airflow/dags/pipeline-weather-data.py                           0           1  0.73s           2025-12-06T20:16:03
================================================================================
[2025-12-06T20:16:40.033+0000] {manager.py:879} INFO - 
================================================================================
DAG File Processing Stats

File Path                                   PID    Runtime      # DAGs    # Errors  Last Runtime    Last Run
------------------------------------------  -----  ---------  --------  ----------  --------------  -------------------
/opt/airflow/dags/pipeline-weather-data.py                           0           1  0.84s           2025-12-06T20:16:34
================================================================================
[2025-12-06T20:17:10.108+0000] {manager.py:879} INFO - 
================================================================================
DAG File Processing Stats

File Path                                   PID    Runtime      # DAGs    # Errors  Last Runtime    Last Run
------------------------------------------  -----  ---------  --------  ----------  --------------  -------------------
/opt/airflow/dags/pipeline-weather-data.py                           0           1  0.75s           2025-12-06T20:17:05
================================================================================
[2025-12-06T20:17:40.544+0000] {manager.py:879} INFO - 
================================================================================
DAG File Processing Stats

File Path                                   PID    Runtime      # DAGs    # Errors  Last Runtime    Last Run
------------------------------------------  -----  ---------  --------  ----------  --------------  -------------------
/opt/airflow/dags/pipeline-weather-data.py                           0           1  0.76s           2025-12-06T20:17:36
================================================================================
[2025-12-06T20:18:10.718+0000] {manager.py:879} INFO - 
================================================================================
DAG File Processing Stats

File Path                                   PID    Runtime      # DAGs    # Errors  Last Runtime    Last Run
------------------------------------------  -----  ---------  --------  ----------  --------------  -------------------
/opt/airflow/dags/pipeline-weather-data.py                           0           1  0.64s           2025-12-06T20:18:06
================================================================================
[2025-12-06T20:18:41.030+0000] {manager.py:879} INFO - 
================================================================================
DAG File Processing Stats

File Path                                   PID    Runtime      # DAGs    # Errors  Last Runtime    Last Run
------------------------------------------  -----  ---------  --------  ----------  --------------  -------------------
/opt/airflow/dags/pipeline-weather-data.py                           0           1  0.63s           2025-12-06T20:18:37
================================================================================
[2025-12-06T20:19:08.181+0000] {manager.py:738} INFO - Searching for files in /opt/airflow/dags
[2025-12-06T20:19:08.186+0000] {manager.py:741} INFO - There are 1 files in /opt/airflow/dags
[2025-12-06T20:19:11.215+0000] {manager.py:879} INFO - 
================================================================================
DAG File Processing Stats

File Path                                   PID    Runtime      # DAGs    # Errors  Last Runtime    Last Run
------------------------------------------  -----  ---------  --------  ----------  --------------  -------------------
/opt/airflow/dags/pipeline-weather-data.py                           0           1  0.78s           2025-12-06T20:19:08
================================================================================
[2025-12-06T20:19:41.455+0000] {manager.py:879} INFO - 
================================================================================
DAG File Processing Stats

File Path                                   PID    Runtime      # DAGs    # Errors  Last Runtime    Last Run
------------------------------------------  -----  ---------  --------  ----------  --------------  -------------------
/opt/airflow/dags/pipeline-weather-data.py                           0           1  0.77s           2025-12-06T20:19:39
================================================================================
[2025-12-06T20:20:11.900+0000] {manager.py:879} INFO - 
================================================================================
DAG File Processing Stats

File Path                                   PID    Runtime      # DAGs    # Errors  Last Runtime    Last Run
------------------------------------------  -----  ---------  --------  ----------  --------------  -------------------
/opt/airflow/dags/pipeline-weather-data.py                           0           1  0.60s           2025-12-06T20:20:10
================================================================================
[2025-12-06T20:20:42.040+0000] {manager.py:879} INFO - 
================================================================================
DAG File Processing Stats

File Path                                   PID    Runtime      # DAGs    # Errors  Last Runtime    Last Run
------------------------------------------  -----  ---------  --------  ----------  --------------  -------------------
/opt/airflow/dags/pipeline-weather-data.py                           0           1  0.60s           2025-12-06T20:20:41
================================================================================
[2025-12-06T20:21:12.608+0000] {manager.py:879} INFO - 
================================================================================
DAG File Processing Stats

File Path                                   PID    Runtime      # DAGs    # Errors  Last Runtime    Last Run
------------------------------------------  -----  ---------  --------  ----------  --------------  -------------------
/opt/airflow/dags/pipeline-weather-data.py                           0           1  0.66s           2025-12-06T20:21:11
================================================================================
[2025-12-06T20:21:42.695+0000] {manager.py:879} INFO - 
================================================================================
DAG File Processing Stats

File Path                                   PID    Runtime      # DAGs    # Errors  Last Runtime    Last Run
------------------------------------------  -----  ---------  --------  ----------  --------------  -------------------
/opt/airflow/dags/pipeline-weather-data.py                           0           1  0.63s           2025-12-06T20:21:42
================================================================================
[2025-12-06T20:22:12.885+0000] {manager.py:879} INFO - 
================================================================================
DAG File Processing Stats

File Path                                     PID  Runtime      # DAGs    # Errors  Last Runtime    Last Run
------------------------------------------  -----  ---------  --------  ----------  --------------  -------------------
/opt/airflow/dags/pipeline-weather-data.py   1376  0.00s             0           1  0.63s           2025-12-06T20:21:42
================================================================================
[2025-12-06T20:22:43.497+0000] {manager.py:879} INFO - 
================================================================================
DAG File Processing Stats

File Path                                   PID    Runtime      # DAGs    # Errors  Last Runtime    Last Run
------------------------------------------  -----  ---------  --------  ----------  --------------  -------------------
/opt/airflow/dags/pipeline-weather-data.py                           0           1  0.68s           2025-12-06T20:22:13
================================================================================
[2025-12-06T20:23:13.611+0000] {manager.py:879} INFO - 
================================================================================
DAG File Processing Stats

File Path                                   PID    Runtime      # DAGs    # Errors  Last Runtime    Last Run
------------------------------------------  -----  ---------  --------  ----------  --------------  -------------------
/opt/airflow/dags/pipeline-weather-data.py                           0           1  0.71s           2025-12-06T20:22:44
================================================================================
[2025-12-06T20:23:43.641+0000] {manager.py:879} INFO - 
================================================================================
DAG File Processing Stats

File Path                                   PID    Runtime      # DAGs    # Errors  Last Runtime    Last Run
------------------------------------------  -----  ---------  --------  ----------  --------------  -------------------
/opt/airflow/dags/pipeline-weather-data.py                           0           1  0.81s           2025-12-06T20:23:15
================================================================================
[2025-12-06T20:24:08.241+0000] {manager.py:738} INFO - Searching for files in /opt/airflow/dags
[2025-12-06T20:24:08.248+0000] {manager.py:741} INFO - There are 1 files in /opt/airflow/dags
[2025-12-06T20:24:13.665+0000] {manager.py:879} INFO - 
================================================================================
DAG File Processing Stats

File Path                                   PID    Runtime      # DAGs    # Errors  Last Runtime    Last Run
------------------------------------------  -----  ---------  --------  ----------  --------------  -------------------
/opt/airflow/dags/pipeline-weather-data.py                           0           1  0.86s           2025-12-06T20:23:46
================================================================================
[2025-12-06T20:24:43.894+0000] {manager.py:879} INFO - 
================================================================================
DAG File Processing Stats

File Path                                   PID    Runtime      # DAGs    # Errors  Last Runtime    Last Run
------------------------------------------  -----  ---------  --------  ----------  --------------  -------------------
/opt/airflow/dags/pipeline-weather-data.py                           0           1  1.02s           2025-12-06T20:24:17
================================================================================
[2025-12-06T20:25:14.110+0000] {manager.py:879} INFO - 
================================================================================
DAG File Processing Stats

File Path                                   PID    Runtime      # DAGs    # Errors  Last Runtime    Last Run
------------------------------------------  -----  ---------  --------  ----------  --------------  -------------------
/opt/airflow/dags/pipeline-weather-data.py                           0           1  1.03s           2025-12-06T20:24:48
================================================================================
[2025-12-06T20:25:44.325+0000] {manager.py:879} INFO - 
================================================================================
DAG File Processing Stats

File Path                                   PID    Runtime      # DAGs    # Errors  Last Runtime    Last Run
------------------------------------------  -----  ---------  --------  ----------  --------------  -------------------
/opt/airflow/dags/pipeline-weather-data.py                           0           1  0.62s           2025-12-06T20:25:19
================================================================================
[2025-12-06T20:26:14.495+0000] {manager.py:879} INFO - 
================================================================================
DAG File Processing Stats

File Path                                   PID    Runtime      # DAGs    # Errors  Last Runtime    Last Run
------------------------------------------  -----  ---------  --------  ----------  --------------  -------------------
/opt/airflow/dags/pipeline-weather-data.py                           0           1  0.61s           2025-12-06T20:25:50
================================================================================
[2025-12-06T20:26:44.499+0000] {manager.py:879} INFO - 
================================================================================
DAG File Processing Stats

File Path                                   PID    Runtime      # DAGs    # Errors  Last Runtime    Last Run
------------------------------------------  -----  ---------  --------  ----------  --------------  -------------------
/opt/airflow/dags/pipeline-weather-data.py                           0           1  0.62s           2025-12-06T20:26:21
================================================================================
[2025-12-06T20:27:15.048+0000] {manager.py:879} INFO - 
================================================================================
DAG File Processing Stats

File Path                                   PID    Runtime      # DAGs    # Errors  Last Runtime    Last Run
------------------------------------------  -----  ---------  --------  ----------  --------------  -------------------
/opt/airflow/dags/pipeline-weather-data.py                           0           1  0.58s           2025-12-06T20:26:52
================================================================================
[2025-12-06T20:27:45.387+0000] {manager.py:879} INFO - 
================================================================================
DAG File Processing Stats

File Path                                   PID    Runtime      # DAGs    # Errors  Last Runtime    Last Run
------------------------------------------  -----  ---------  --------  ----------  --------------  -------------------
/opt/airflow/dags/pipeline-weather-data.py                           0           1  0.61s           2025-12-06T20:27:22
================================================================================
[2025-12-06T20:28:15.561+0000] {manager.py:879} INFO - 
================================================================================
DAG File Processing Stats

File Path                                   PID    Runtime      # DAGs    # Errors  Last Runtime    Last Run
------------------------------------------  -----  ---------  --------  ----------  --------------  -------------------
/opt/airflow/dags/pipeline-weather-data.py                           0           1  0.64s           2025-12-06T20:27:53
================================================================================
[2025-12-06T20:28:45.972+0000] {manager.py:879} INFO - 
================================================================================
DAG File Processing Stats

File Path                                   PID    Runtime      # DAGs    # Errors  Last Runtime    Last Run
------------------------------------------  -----  ---------  --------  ----------  --------------  -------------------
/opt/airflow/dags/pipeline-weather-data.py                           0           1  0.59s           2025-12-06T20:28:24
================================================================================
[2025-12-06T20:29:08.302+0000] {manager.py:738} INFO - Searching for files in /opt/airflow/dags
[2025-12-06T20:29:08.307+0000] {manager.py:741} INFO - There are 1 files in /opt/airflow/dags
[2025-12-06T20:29:16.258+0000] {manager.py:879} INFO - 
================================================================================
DAG File Processing Stats

File Path                                   PID    Runtime      # DAGs    # Errors  Last Runtime    Last Run
------------------------------------------  -----  ---------  --------  ----------  --------------  -------------------
/opt/airflow/dags/pipeline-weather-data.py                           0           1  0.62s           2025-12-06T20:28:55
================================================================================
[2025-12-06T20:29:46.517+0000] {manager.py:879} INFO - 
================================================================================
DAG File Processing Stats

File Path                                   PID    Runtime      # DAGs    # Errors  Last Runtime    Last Run
------------------------------------------  -----  ---------  --------  ----------  --------------  -------------------
/opt/airflow/dags/pipeline-weather-data.py                           0           1  0.65s           2025-12-06T20:29:25
================================================================================
[2025-12-06T20:30:16.699+0000] {manager.py:879} INFO - 
================================================================================
DAG File Processing Stats

File Path                                   PID    Runtime      # DAGs    # Errors  Last Runtime    Last Run
------------------------------------------  -----  ---------  --------  ----------  --------------  -------------------
/opt/airflow/dags/pipeline-weather-data.py                           0           1  0.78s           2025-12-06T20:29:56
================================================================================
[2025-12-06T20:30:46.877+0000] {manager.py:879} INFO - 
================================================================================
DAG File Processing Stats

File Path                                   PID    Runtime      # DAGs    # Errors  Last Runtime    Last Run
------------------------------------------  -----  ---------  --------  ----------  --------------  -------------------
/opt/airflow/dags/pipeline-weather-data.py                           0           1  0.66s           2025-12-06T20:30:27
================================================================================
