[2025-12-06T18:59:03.319+0000] {processor.py:161} INFO - Started process (PID=57) to work on /opt/airflow/dags/pipeline-weather-data.py
[2025-12-06T18:59:03.322+0000] {processor.py:830} INFO - Processing file /opt/airflow/dags/pipeline-weather-data.py for tasks to queue
[2025-12-06T18:59:03.330+0000] {logging_mixin.py:188} INFO - [2025-12-06T18:59:03.330+0000] {dagbag.py:538} INFO - Filling up the DagBag from /opt/airflow/dags/pipeline-weather-data.py
[2025-12-06T18:59:05.721+0000] {logging_mixin.py:188} INFO - [2025-12-06T18:59:05.719+0000] {dagbag.py:348} ERROR - Failed to import: /opt/airflow/dags/pipeline-weather-data.py
Traceback (most recent call last):
  File "/home/airflow/.local/lib/python3.8/site-packages/airflow/models/dagbag.py", line 344, in parse
    loader.exec_module(new_module)
  File "<frozen importlib._bootstrap_external>", line 843, in exec_module
  File "<frozen importlib._bootstrap>", line 219, in _call_with_frames_removed
  File "/opt/airflow/dags/pipeline-weather-data.py", line 270, in <module>
    num_batches = int(Variable.get(f"{weather_data_type_extraction}_num_batches"))
  File "/home/airflow/.local/lib/python3.8/site-packages/airflow/models/variable.py", line 143, in get
    raise KeyError(f"Variable {key} does not exist")
KeyError: 'Variable actual_num_batches does not exist'
[2025-12-06T18:59:05.722+0000] {processor.py:842} WARNING - No viable dags retrieved from /opt/airflow/dags/pipeline-weather-data.py
[2025-12-06T18:59:05.734+0000] {processor.py:183} INFO - Processing /opt/airflow/dags/pipeline-weather-data.py took 2.419 seconds
[2025-12-06T18:59:36.129+0000] {processor.py:161} INFO - Started process (PID=71) to work on /opt/airflow/dags/pipeline-weather-data.py
[2025-12-06T18:59:36.134+0000] {processor.py:830} INFO - Processing file /opt/airflow/dags/pipeline-weather-data.py for tasks to queue
[2025-12-06T18:59:36.156+0000] {logging_mixin.py:188} INFO - [2025-12-06T18:59:36.147+0000] {dagbag.py:538} INFO - Filling up the DagBag from /opt/airflow/dags/pipeline-weather-data.py
[2025-12-06T18:59:37.370+0000] {logging_mixin.py:188} INFO - [2025-12-06T18:59:37.368+0000] {dagbag.py:348} ERROR - Failed to import: /opt/airflow/dags/pipeline-weather-data.py
Traceback (most recent call last):
  File "/home/airflow/.local/lib/python3.8/site-packages/airflow/models/dagbag.py", line 344, in parse
    loader.exec_module(new_module)
  File "<frozen importlib._bootstrap_external>", line 843, in exec_module
  File "<frozen importlib._bootstrap>", line 219, in _call_with_frames_removed
  File "/opt/airflow/dags/pipeline-weather-data.py", line 270, in <module>
    num_batches = int(Variable.get(f"{weather_data_type_extraction}_num_batches"))
  File "/home/airflow/.local/lib/python3.8/site-packages/airflow/models/variable.py", line 143, in get
    raise KeyError(f"Variable {key} does not exist")
KeyError: 'Variable actual_num_batches does not exist'
[2025-12-06T18:59:37.371+0000] {processor.py:842} WARNING - No viable dags retrieved from /opt/airflow/dags/pipeline-weather-data.py
[2025-12-06T18:59:37.385+0000] {processor.py:183} INFO - Processing /opt/airflow/dags/pipeline-weather-data.py took 1.320 seconds
[2025-12-06T19:00:07.603+0000] {processor.py:161} INFO - Started process (PID=79) to work on /opt/airflow/dags/pipeline-weather-data.py
[2025-12-06T19:00:07.604+0000] {processor.py:830} INFO - Processing file /opt/airflow/dags/pipeline-weather-data.py for tasks to queue
[2025-12-06T19:00:07.608+0000] {logging_mixin.py:188} INFO - [2025-12-06T19:00:07.608+0000] {dagbag.py:538} INFO - Filling up the DagBag from /opt/airflow/dags/pipeline-weather-data.py
[2025-12-06T19:00:08.285+0000] {logging_mixin.py:188} INFO - [2025-12-06T19:00:08.282+0000] {dagbag.py:348} ERROR - Failed to import: /opt/airflow/dags/pipeline-weather-data.py
Traceback (most recent call last):
  File "/home/airflow/.local/lib/python3.8/site-packages/airflow/models/dagbag.py", line 344, in parse
    loader.exec_module(new_module)
  File "<frozen importlib._bootstrap_external>", line 843, in exec_module
  File "<frozen importlib._bootstrap>", line 219, in _call_with_frames_removed
  File "/opt/airflow/dags/pipeline-weather-data.py", line 270, in <module>
    num_batches = int(Variable.get(f"{weather_data_type_extraction}_num_batches"))
  File "/home/airflow/.local/lib/python3.8/site-packages/airflow/models/variable.py", line 143, in get
    raise KeyError(f"Variable {key} does not exist")
KeyError: 'Variable actual_num_batches does not exist'
[2025-12-06T19:00:08.286+0000] {processor.py:842} WARNING - No viable dags retrieved from /opt/airflow/dags/pipeline-weather-data.py
[2025-12-06T19:00:08.294+0000] {processor.py:183} INFO - Processing /opt/airflow/dags/pipeline-weather-data.py took 0.696 seconds
[2025-12-06T19:00:38.474+0000] {processor.py:161} INFO - Started process (PID=87) to work on /opt/airflow/dags/pipeline-weather-data.py
[2025-12-06T19:00:38.475+0000] {processor.py:830} INFO - Processing file /opt/airflow/dags/pipeline-weather-data.py for tasks to queue
[2025-12-06T19:00:38.482+0000] {logging_mixin.py:188} INFO - [2025-12-06T19:00:38.481+0000] {dagbag.py:538} INFO - Filling up the DagBag from /opt/airflow/dags/pipeline-weather-data.py
[2025-12-06T19:00:39.437+0000] {logging_mixin.py:188} INFO - [2025-12-06T19:00:39.436+0000] {dagbag.py:348} ERROR - Failed to import: /opt/airflow/dags/pipeline-weather-data.py
Traceback (most recent call last):
  File "/home/airflow/.local/lib/python3.8/site-packages/airflow/models/dagbag.py", line 344, in parse
    loader.exec_module(new_module)
  File "<frozen importlib._bootstrap_external>", line 843, in exec_module
  File "<frozen importlib._bootstrap>", line 219, in _call_with_frames_removed
  File "/opt/airflow/dags/pipeline-weather-data.py", line 270, in <module>
    num_batches = int(Variable.get(f"{weather_data_type_extraction}_num_batches"))
  File "/home/airflow/.local/lib/python3.8/site-packages/airflow/models/variable.py", line 143, in get
    raise KeyError(f"Variable {key} does not exist")
KeyError: 'Variable actual_num_batches does not exist'
[2025-12-06T19:00:39.438+0000] {processor.py:842} WARNING - No viable dags retrieved from /opt/airflow/dags/pipeline-weather-data.py
[2025-12-06T19:00:39.447+0000] {processor.py:183} INFO - Processing /opt/airflow/dags/pipeline-weather-data.py took 0.977 seconds
[2025-12-06T19:01:09.654+0000] {processor.py:161} INFO - Started process (PID=95) to work on /opt/airflow/dags/pipeline-weather-data.py
[2025-12-06T19:01:09.655+0000] {processor.py:830} INFO - Processing file /opt/airflow/dags/pipeline-weather-data.py for tasks to queue
[2025-12-06T19:01:09.658+0000] {logging_mixin.py:188} INFO - [2025-12-06T19:01:09.658+0000] {dagbag.py:538} INFO - Filling up the DagBag from /opt/airflow/dags/pipeline-weather-data.py
[2025-12-06T19:01:10.305+0000] {logging_mixin.py:188} INFO - [2025-12-06T19:01:10.304+0000] {dagbag.py:348} ERROR - Failed to import: /opt/airflow/dags/pipeline-weather-data.py
Traceback (most recent call last):
  File "/home/airflow/.local/lib/python3.8/site-packages/airflow/models/dagbag.py", line 344, in parse
    loader.exec_module(new_module)
  File "<frozen importlib._bootstrap_external>", line 843, in exec_module
  File "<frozen importlib._bootstrap>", line 219, in _call_with_frames_removed
  File "/opt/airflow/dags/pipeline-weather-data.py", line 270, in <module>
    num_batches = int(Variable.get(f"{weather_data_type_extraction}_num_batches"))
  File "/home/airflow/.local/lib/python3.8/site-packages/airflow/models/variable.py", line 143, in get
    raise KeyError(f"Variable {key} does not exist")
KeyError: 'Variable actual_num_batches does not exist'
[2025-12-06T19:01:10.306+0000] {processor.py:842} WARNING - No viable dags retrieved from /opt/airflow/dags/pipeline-weather-data.py
[2025-12-06T19:01:10.314+0000] {processor.py:183} INFO - Processing /opt/airflow/dags/pipeline-weather-data.py took 0.664 seconds
[2025-12-06T19:01:40.531+0000] {processor.py:161} INFO - Started process (PID=103) to work on /opt/airflow/dags/pipeline-weather-data.py
[2025-12-06T19:01:40.532+0000] {processor.py:830} INFO - Processing file /opt/airflow/dags/pipeline-weather-data.py for tasks to queue
[2025-12-06T19:01:40.536+0000] {logging_mixin.py:188} INFO - [2025-12-06T19:01:40.535+0000] {dagbag.py:538} INFO - Filling up the DagBag from /opt/airflow/dags/pipeline-weather-data.py
[2025-12-06T19:01:41.080+0000] {logging_mixin.py:188} INFO - [2025-12-06T19:01:41.078+0000] {dagbag.py:348} ERROR - Failed to import: /opt/airflow/dags/pipeline-weather-data.py
Traceback (most recent call last):
  File "/home/airflow/.local/lib/python3.8/site-packages/airflow/models/dagbag.py", line 344, in parse
    loader.exec_module(new_module)
  File "<frozen importlib._bootstrap_external>", line 843, in exec_module
  File "<frozen importlib._bootstrap>", line 219, in _call_with_frames_removed
  File "/opt/airflow/dags/pipeline-weather-data.py", line 270, in <module>
    num_batches = int(Variable.get(f"{weather_data_type_extraction}_num_batches"))
  File "/home/airflow/.local/lib/python3.8/site-packages/airflow/models/variable.py", line 143, in get
    raise KeyError(f"Variable {key} does not exist")
KeyError: 'Variable actual_num_batches does not exist'
[2025-12-06T19:01:41.081+0000] {processor.py:842} WARNING - No viable dags retrieved from /opt/airflow/dags/pipeline-weather-data.py
[2025-12-06T19:01:41.089+0000] {processor.py:183} INFO - Processing /opt/airflow/dags/pipeline-weather-data.py took 0.563 seconds
[2025-12-06T19:02:11.280+0000] {processor.py:161} INFO - Started process (PID=111) to work on /opt/airflow/dags/pipeline-weather-data.py
[2025-12-06T19:02:11.281+0000] {processor.py:830} INFO - Processing file /opt/airflow/dags/pipeline-weather-data.py for tasks to queue
[2025-12-06T19:02:11.284+0000] {logging_mixin.py:188} INFO - [2025-12-06T19:02:11.284+0000] {dagbag.py:538} INFO - Filling up the DagBag from /opt/airflow/dags/pipeline-weather-data.py
[2025-12-06T19:02:11.916+0000] {logging_mixin.py:188} INFO - [2025-12-06T19:02:11.914+0000] {dagbag.py:348} ERROR - Failed to import: /opt/airflow/dags/pipeline-weather-data.py
Traceback (most recent call last):
  File "/home/airflow/.local/lib/python3.8/site-packages/airflow/models/dagbag.py", line 344, in parse
    loader.exec_module(new_module)
  File "<frozen importlib._bootstrap_external>", line 843, in exec_module
  File "<frozen importlib._bootstrap>", line 219, in _call_with_frames_removed
  File "/opt/airflow/dags/pipeline-weather-data.py", line 270, in <module>
    num_batches = int(Variable.get(f"{weather_data_type_extraction}_num_batches"))
  File "/home/airflow/.local/lib/python3.8/site-packages/airflow/models/variable.py", line 143, in get
    raise KeyError(f"Variable {key} does not exist")
KeyError: 'Variable actual_num_batches does not exist'
[2025-12-06T19:02:11.917+0000] {processor.py:842} WARNING - No viable dags retrieved from /opt/airflow/dags/pipeline-weather-data.py
[2025-12-06T19:02:11.928+0000] {processor.py:183} INFO - Processing /opt/airflow/dags/pipeline-weather-data.py took 0.652 seconds
[2025-12-06T19:02:42.143+0000] {processor.py:161} INFO - Started process (PID=119) to work on /opt/airflow/dags/pipeline-weather-data.py
[2025-12-06T19:02:42.145+0000] {processor.py:830} INFO - Processing file /opt/airflow/dags/pipeline-weather-data.py for tasks to queue
[2025-12-06T19:02:42.147+0000] {logging_mixin.py:188} INFO - [2025-12-06T19:02:42.147+0000] {dagbag.py:538} INFO - Filling up the DagBag from /opt/airflow/dags/pipeline-weather-data.py
[2025-12-06T19:02:42.930+0000] {logging_mixin.py:188} INFO - [2025-12-06T19:02:42.926+0000] {dagbag.py:348} ERROR - Failed to import: /opt/airflow/dags/pipeline-weather-data.py
Traceback (most recent call last):
  File "/home/airflow/.local/lib/python3.8/site-packages/airflow/models/dagbag.py", line 344, in parse
    loader.exec_module(new_module)
  File "<frozen importlib._bootstrap_external>", line 843, in exec_module
  File "<frozen importlib._bootstrap>", line 219, in _call_with_frames_removed
  File "/opt/airflow/dags/pipeline-weather-data.py", line 270, in <module>
    num_batches = int(Variable.get(f"{weather_data_type_extraction}_num_batches"))
  File "/home/airflow/.local/lib/python3.8/site-packages/airflow/models/variable.py", line 143, in get
    raise KeyError(f"Variable {key} does not exist")
KeyError: 'Variable actual_num_batches does not exist'
[2025-12-06T19:02:42.931+0000] {processor.py:842} WARNING - No viable dags retrieved from /opt/airflow/dags/pipeline-weather-data.py
[2025-12-06T19:02:42.969+0000] {processor.py:183} INFO - Processing /opt/airflow/dags/pipeline-weather-data.py took 0.829 seconds
[2025-12-06T19:03:13.041+0000] {processor.py:161} INFO - Started process (PID=127) to work on /opt/airflow/dags/pipeline-weather-data.py
[2025-12-06T19:03:13.042+0000] {processor.py:830} INFO - Processing file /opt/airflow/dags/pipeline-weather-data.py for tasks to queue
[2025-12-06T19:03:13.044+0000] {logging_mixin.py:188} INFO - [2025-12-06T19:03:13.044+0000] {dagbag.py:538} INFO - Filling up the DagBag from /opt/airflow/dags/pipeline-weather-data.py
[2025-12-06T19:03:13.565+0000] {logging_mixin.py:188} INFO - [2025-12-06T19:03:13.564+0000] {dagbag.py:348} ERROR - Failed to import: /opt/airflow/dags/pipeline-weather-data.py
Traceback (most recent call last):
  File "/home/airflow/.local/lib/python3.8/site-packages/airflow/models/dagbag.py", line 344, in parse
    loader.exec_module(new_module)
  File "<frozen importlib._bootstrap_external>", line 843, in exec_module
  File "<frozen importlib._bootstrap>", line 219, in _call_with_frames_removed
  File "/opt/airflow/dags/pipeline-weather-data.py", line 270, in <module>
    num_batches = int(Variable.get(f"{weather_data_type_extraction}_num_batches"))
  File "/home/airflow/.local/lib/python3.8/site-packages/airflow/models/variable.py", line 143, in get
    raise KeyError(f"Variable {key} does not exist")
KeyError: 'Variable actual_num_batches does not exist'
[2025-12-06T19:03:13.566+0000] {processor.py:842} WARNING - No viable dags retrieved from /opt/airflow/dags/pipeline-weather-data.py
[2025-12-06T19:03:13.573+0000] {processor.py:183} INFO - Processing /opt/airflow/dags/pipeline-weather-data.py took 0.537 seconds
[2025-12-06T19:03:43.769+0000] {processor.py:161} INFO - Started process (PID=135) to work on /opt/airflow/dags/pipeline-weather-data.py
[2025-12-06T19:03:43.770+0000] {processor.py:830} INFO - Processing file /opt/airflow/dags/pipeline-weather-data.py for tasks to queue
[2025-12-06T19:03:43.774+0000] {logging_mixin.py:188} INFO - [2025-12-06T19:03:43.773+0000] {dagbag.py:538} INFO - Filling up the DagBag from /opt/airflow/dags/pipeline-weather-data.py
[2025-12-06T19:03:44.436+0000] {logging_mixin.py:188} INFO - [2025-12-06T19:03:44.434+0000] {dagbag.py:348} ERROR - Failed to import: /opt/airflow/dags/pipeline-weather-data.py
Traceback (most recent call last):
  File "/home/airflow/.local/lib/python3.8/site-packages/airflow/models/dagbag.py", line 344, in parse
    loader.exec_module(new_module)
  File "<frozen importlib._bootstrap_external>", line 843, in exec_module
  File "<frozen importlib._bootstrap>", line 219, in _call_with_frames_removed
  File "/opt/airflow/dags/pipeline-weather-data.py", line 270, in <module>
    num_batches = int(Variable.get(f"{weather_data_type_extraction}_num_batches"))
  File "/home/airflow/.local/lib/python3.8/site-packages/airflow/models/variable.py", line 143, in get
    raise KeyError(f"Variable {key} does not exist")
KeyError: 'Variable actual_num_batches does not exist'
[2025-12-06T19:03:44.436+0000] {processor.py:842} WARNING - No viable dags retrieved from /opt/airflow/dags/pipeline-weather-data.py
[2025-12-06T19:03:44.444+0000] {processor.py:183} INFO - Processing /opt/airflow/dags/pipeline-weather-data.py took 0.680 seconds
[2025-12-06T19:04:14.556+0000] {processor.py:161} INFO - Started process (PID=143) to work on /opt/airflow/dags/pipeline-weather-data.py
[2025-12-06T19:04:14.557+0000] {processor.py:830} INFO - Processing file /opt/airflow/dags/pipeline-weather-data.py for tasks to queue
[2025-12-06T19:04:14.561+0000] {logging_mixin.py:188} INFO - [2025-12-06T19:04:14.560+0000] {dagbag.py:538} INFO - Filling up the DagBag from /opt/airflow/dags/pipeline-weather-data.py
[2025-12-06T19:04:15.149+0000] {logging_mixin.py:188} INFO - [2025-12-06T19:04:15.147+0000] {dagbag.py:348} ERROR - Failed to import: /opt/airflow/dags/pipeline-weather-data.py
Traceback (most recent call last):
  File "/home/airflow/.local/lib/python3.8/site-packages/airflow/models/dagbag.py", line 344, in parse
    loader.exec_module(new_module)
  File "<frozen importlib._bootstrap_external>", line 843, in exec_module
  File "<frozen importlib._bootstrap>", line 219, in _call_with_frames_removed
  File "/opt/airflow/dags/pipeline-weather-data.py", line 270, in <module>
    num_batches = int(Variable.get(f"{weather_data_type_extraction}_num_batches"))
  File "/home/airflow/.local/lib/python3.8/site-packages/airflow/models/variable.py", line 143, in get
    raise KeyError(f"Variable {key} does not exist")
KeyError: 'Variable actual_num_batches does not exist'
[2025-12-06T19:04:15.149+0000] {processor.py:842} WARNING - No viable dags retrieved from /opt/airflow/dags/pipeline-weather-data.py
[2025-12-06T19:04:15.160+0000] {processor.py:183} INFO - Processing /opt/airflow/dags/pipeline-weather-data.py took 0.610 seconds
[2025-12-06T19:04:45.359+0000] {processor.py:161} INFO - Started process (PID=151) to work on /opt/airflow/dags/pipeline-weather-data.py
[2025-12-06T19:04:45.361+0000] {processor.py:830} INFO - Processing file /opt/airflow/dags/pipeline-weather-data.py for tasks to queue
[2025-12-06T19:04:45.364+0000] {logging_mixin.py:188} INFO - [2025-12-06T19:04:45.364+0000] {dagbag.py:538} INFO - Filling up the DagBag from /opt/airflow/dags/pipeline-weather-data.py
[2025-12-06T19:04:46.017+0000] {logging_mixin.py:188} INFO - [2025-12-06T19:04:46.015+0000] {dagbag.py:348} ERROR - Failed to import: /opt/airflow/dags/pipeline-weather-data.py
Traceback (most recent call last):
  File "/home/airflow/.local/lib/python3.8/site-packages/airflow/models/dagbag.py", line 344, in parse
    loader.exec_module(new_module)
  File "<frozen importlib._bootstrap_external>", line 843, in exec_module
  File "<frozen importlib._bootstrap>", line 219, in _call_with_frames_removed
  File "/opt/airflow/dags/pipeline-weather-data.py", line 270, in <module>
    num_batches = int(Variable.get(f"{weather_data_type_extraction}_num_batches"))
  File "/home/airflow/.local/lib/python3.8/site-packages/airflow/models/variable.py", line 143, in get
    raise KeyError(f"Variable {key} does not exist")
KeyError: 'Variable actual_num_batches does not exist'
[2025-12-06T19:04:46.017+0000] {processor.py:842} WARNING - No viable dags retrieved from /opt/airflow/dags/pipeline-weather-data.py
[2025-12-06T19:04:46.030+0000] {processor.py:183} INFO - Processing /opt/airflow/dags/pipeline-weather-data.py took 0.675 seconds
[2025-12-06T19:05:16.218+0000] {processor.py:161} INFO - Started process (PID=159) to work on /opt/airflow/dags/pipeline-weather-data.py
[2025-12-06T19:05:16.219+0000] {processor.py:830} INFO - Processing file /opt/airflow/dags/pipeline-weather-data.py for tasks to queue
[2025-12-06T19:05:16.222+0000] {logging_mixin.py:188} INFO - [2025-12-06T19:05:16.222+0000] {dagbag.py:538} INFO - Filling up the DagBag from /opt/airflow/dags/pipeline-weather-data.py
[2025-12-06T19:05:16.848+0000] {logging_mixin.py:188} INFO - [2025-12-06T19:05:16.846+0000] {dagbag.py:348} ERROR - Failed to import: /opt/airflow/dags/pipeline-weather-data.py
Traceback (most recent call last):
  File "/home/airflow/.local/lib/python3.8/site-packages/airflow/models/dagbag.py", line 344, in parse
    loader.exec_module(new_module)
  File "<frozen importlib._bootstrap_external>", line 843, in exec_module
  File "<frozen importlib._bootstrap>", line 219, in _call_with_frames_removed
  File "/opt/airflow/dags/pipeline-weather-data.py", line 270, in <module>
    num_batches = int(Variable.get(f"{weather_data_type_extraction}_num_batches"))
  File "/home/airflow/.local/lib/python3.8/site-packages/airflow/models/variable.py", line 143, in get
    raise KeyError(f"Variable {key} does not exist")
KeyError: 'Variable actual_num_batches does not exist'
[2025-12-06T19:05:16.848+0000] {processor.py:842} WARNING - No viable dags retrieved from /opt/airflow/dags/pipeline-weather-data.py
[2025-12-06T19:05:16.856+0000] {processor.py:183} INFO - Processing /opt/airflow/dags/pipeline-weather-data.py took 0.644 seconds
[2025-12-06T19:05:47.201+0000] {processor.py:161} INFO - Started process (PID=167) to work on /opt/airflow/dags/pipeline-weather-data.py
[2025-12-06T19:05:47.203+0000] {processor.py:830} INFO - Processing file /opt/airflow/dags/pipeline-weather-data.py for tasks to queue
[2025-12-06T19:05:47.206+0000] {logging_mixin.py:188} INFO - [2025-12-06T19:05:47.206+0000] {dagbag.py:538} INFO - Filling up the DagBag from /opt/airflow/dags/pipeline-weather-data.py
[2025-12-06T19:05:48.036+0000] {logging_mixin.py:188} INFO - [2025-12-06T19:05:48.034+0000] {dagbag.py:348} ERROR - Failed to import: /opt/airflow/dags/pipeline-weather-data.py
Traceback (most recent call last):
  File "/home/airflow/.local/lib/python3.8/site-packages/airflow/models/dagbag.py", line 344, in parse
    loader.exec_module(new_module)
  File "<frozen importlib._bootstrap_external>", line 843, in exec_module
  File "<frozen importlib._bootstrap>", line 219, in _call_with_frames_removed
  File "/opt/airflow/dags/pipeline-weather-data.py", line 270, in <module>
    num_batches = int(Variable.get(f"{weather_data_type_extraction}_num_batches"))
  File "/home/airflow/.local/lib/python3.8/site-packages/airflow/models/variable.py", line 143, in get
    raise KeyError(f"Variable {key} does not exist")
KeyError: 'Variable actual_num_batches does not exist'
[2025-12-06T19:05:48.037+0000] {processor.py:842} WARNING - No viable dags retrieved from /opt/airflow/dags/pipeline-weather-data.py
[2025-12-06T19:05:48.050+0000] {processor.py:183} INFO - Processing /opt/airflow/dags/pipeline-weather-data.py took 0.855 seconds
[2025-12-06T19:06:18.427+0000] {processor.py:161} INFO - Started process (PID=175) to work on /opt/airflow/dags/pipeline-weather-data.py
[2025-12-06T19:06:18.429+0000] {processor.py:830} INFO - Processing file /opt/airflow/dags/pipeline-weather-data.py for tasks to queue
[2025-12-06T19:06:18.434+0000] {logging_mixin.py:188} INFO - [2025-12-06T19:06:18.433+0000] {dagbag.py:538} INFO - Filling up the DagBag from /opt/airflow/dags/pipeline-weather-data.py
[2025-12-06T19:06:19.156+0000] {logging_mixin.py:188} INFO - [2025-12-06T19:06:19.154+0000] {dagbag.py:348} ERROR - Failed to import: /opt/airflow/dags/pipeline-weather-data.py
Traceback (most recent call last):
  File "/home/airflow/.local/lib/python3.8/site-packages/airflow/models/dagbag.py", line 344, in parse
    loader.exec_module(new_module)
  File "<frozen importlib._bootstrap_external>", line 843, in exec_module
  File "<frozen importlib._bootstrap>", line 219, in _call_with_frames_removed
  File "/opt/airflow/dags/pipeline-weather-data.py", line 270, in <module>
    num_batches = int(Variable.get(f"{weather_data_type_extraction}_num_batches"))
  File "/home/airflow/.local/lib/python3.8/site-packages/airflow/models/variable.py", line 143, in get
    raise KeyError(f"Variable {key} does not exist")
KeyError: 'Variable actual_num_batches does not exist'
[2025-12-06T19:06:19.156+0000] {processor.py:842} WARNING - No viable dags retrieved from /opt/airflow/dags/pipeline-weather-data.py
[2025-12-06T19:06:19.167+0000] {processor.py:183} INFO - Processing /opt/airflow/dags/pipeline-weather-data.py took 0.749 seconds
[2025-12-06T19:06:49.362+0000] {processor.py:161} INFO - Started process (PID=183) to work on /opt/airflow/dags/pipeline-weather-data.py
[2025-12-06T19:06:49.363+0000] {processor.py:830} INFO - Processing file /opt/airflow/dags/pipeline-weather-data.py for tasks to queue
[2025-12-06T19:06:49.366+0000] {logging_mixin.py:188} INFO - [2025-12-06T19:06:49.366+0000] {dagbag.py:538} INFO - Filling up the DagBag from /opt/airflow/dags/pipeline-weather-data.py
[2025-12-06T19:06:49.948+0000] {logging_mixin.py:188} INFO - [2025-12-06T19:06:49.946+0000] {dagbag.py:348} ERROR - Failed to import: /opt/airflow/dags/pipeline-weather-data.py
Traceback (most recent call last):
  File "/home/airflow/.local/lib/python3.8/site-packages/airflow/models/dagbag.py", line 344, in parse
    loader.exec_module(new_module)
  File "<frozen importlib._bootstrap_external>", line 843, in exec_module
  File "<frozen importlib._bootstrap>", line 219, in _call_with_frames_removed
  File "/opt/airflow/dags/pipeline-weather-data.py", line 270, in <module>
    num_batches = int(Variable.get(f"{weather_data_type_extraction}_num_batches"))
  File "/home/airflow/.local/lib/python3.8/site-packages/airflow/models/variable.py", line 143, in get
    raise KeyError(f"Variable {key} does not exist")
KeyError: 'Variable actual_num_batches does not exist'
[2025-12-06T19:06:49.949+0000] {processor.py:842} WARNING - No viable dags retrieved from /opt/airflow/dags/pipeline-weather-data.py
[2025-12-06T19:06:49.959+0000] {processor.py:183} INFO - Processing /opt/airflow/dags/pipeline-weather-data.py took 0.603 seconds
[2025-12-06T19:07:20.052+0000] {processor.py:161} INFO - Started process (PID=191) to work on /opt/airflow/dags/pipeline-weather-data.py
[2025-12-06T19:07:20.053+0000] {processor.py:830} INFO - Processing file /opt/airflow/dags/pipeline-weather-data.py for tasks to queue
[2025-12-06T19:07:20.056+0000] {logging_mixin.py:188} INFO - [2025-12-06T19:07:20.056+0000] {dagbag.py:538} INFO - Filling up the DagBag from /opt/airflow/dags/pipeline-weather-data.py
[2025-12-06T19:07:20.685+0000] {logging_mixin.py:188} INFO - [2025-12-06T19:07:20.683+0000] {dagbag.py:348} ERROR - Failed to import: /opt/airflow/dags/pipeline-weather-data.py
Traceback (most recent call last):
  File "/home/airflow/.local/lib/python3.8/site-packages/airflow/models/dagbag.py", line 344, in parse
    loader.exec_module(new_module)
  File "<frozen importlib._bootstrap_external>", line 843, in exec_module
  File "<frozen importlib._bootstrap>", line 219, in _call_with_frames_removed
  File "/opt/airflow/dags/pipeline-weather-data.py", line 270, in <module>
    num_batches = int(Variable.get(f"{weather_data_type_extraction}_num_batches"))
  File "/home/airflow/.local/lib/python3.8/site-packages/airflow/models/variable.py", line 143, in get
    raise KeyError(f"Variable {key} does not exist")
KeyError: 'Variable actual_num_batches does not exist'
[2025-12-06T19:07:20.685+0000] {processor.py:842} WARNING - No viable dags retrieved from /opt/airflow/dags/pipeline-weather-data.py
[2025-12-06T19:07:20.694+0000] {processor.py:183} INFO - Processing /opt/airflow/dags/pipeline-weather-data.py took 0.650 seconds
[2025-12-06T19:07:50.910+0000] {processor.py:161} INFO - Started process (PID=199) to work on /opt/airflow/dags/pipeline-weather-data.py
[2025-12-06T19:07:50.911+0000] {processor.py:830} INFO - Processing file /opt/airflow/dags/pipeline-weather-data.py for tasks to queue
[2025-12-06T19:07:50.914+0000] {logging_mixin.py:188} INFO - [2025-12-06T19:07:50.913+0000] {dagbag.py:538} INFO - Filling up the DagBag from /opt/airflow/dags/pipeline-weather-data.py
[2025-12-06T19:07:51.615+0000] {logging_mixin.py:188} INFO - [2025-12-06T19:07:51.612+0000] {dagbag.py:348} ERROR - Failed to import: /opt/airflow/dags/pipeline-weather-data.py
Traceback (most recent call last):
  File "/home/airflow/.local/lib/python3.8/site-packages/airflow/models/dagbag.py", line 344, in parse
    loader.exec_module(new_module)
  File "<frozen importlib._bootstrap_external>", line 843, in exec_module
  File "<frozen importlib._bootstrap>", line 219, in _call_with_frames_removed
  File "/opt/airflow/dags/pipeline-weather-data.py", line 270, in <module>
    num_batches = int(Variable.get(f"{weather_data_type_extraction}_num_batches"))
  File "/home/airflow/.local/lib/python3.8/site-packages/airflow/models/variable.py", line 143, in get
    raise KeyError(f"Variable {key} does not exist")
KeyError: 'Variable actual_num_batches does not exist'
[2025-12-06T19:07:51.615+0000] {processor.py:842} WARNING - No viable dags retrieved from /opt/airflow/dags/pipeline-weather-data.py
[2025-12-06T19:07:51.626+0000] {processor.py:183} INFO - Processing /opt/airflow/dags/pipeline-weather-data.py took 0.720 seconds
[2025-12-06T19:08:21.855+0000] {processor.py:161} INFO - Started process (PID=207) to work on /opt/airflow/dags/pipeline-weather-data.py
[2025-12-06T19:08:21.857+0000] {processor.py:830} INFO - Processing file /opt/airflow/dags/pipeline-weather-data.py for tasks to queue
[2025-12-06T19:08:21.861+0000] {logging_mixin.py:188} INFO - [2025-12-06T19:08:21.860+0000] {dagbag.py:538} INFO - Filling up the DagBag from /opt/airflow/dags/pipeline-weather-data.py
[2025-12-06T19:08:22.665+0000] {logging_mixin.py:188} INFO - [2025-12-06T19:08:22.663+0000] {dagbag.py:348} ERROR - Failed to import: /opt/airflow/dags/pipeline-weather-data.py
Traceback (most recent call last):
  File "/home/airflow/.local/lib/python3.8/site-packages/airflow/models/dagbag.py", line 344, in parse
    loader.exec_module(new_module)
  File "<frozen importlib._bootstrap_external>", line 843, in exec_module
  File "<frozen importlib._bootstrap>", line 219, in _call_with_frames_removed
  File "/opt/airflow/dags/pipeline-weather-data.py", line 270, in <module>
    num_batches = int(Variable.get(f"{weather_data_type_extraction}_num_batches"))
  File "/home/airflow/.local/lib/python3.8/site-packages/airflow/models/variable.py", line 143, in get
    raise KeyError(f"Variable {key} does not exist")
KeyError: 'Variable actual_num_batches does not exist'
[2025-12-06T19:08:22.666+0000] {processor.py:842} WARNING - No viable dags retrieved from /opt/airflow/dags/pipeline-weather-data.py
[2025-12-06T19:08:22.676+0000] {processor.py:183} INFO - Processing /opt/airflow/dags/pipeline-weather-data.py took 0.827 seconds
[2025-12-06T19:08:52.756+0000] {processor.py:161} INFO - Started process (PID=215) to work on /opt/airflow/dags/pipeline-weather-data.py
[2025-12-06T19:08:52.757+0000] {processor.py:830} INFO - Processing file /opt/airflow/dags/pipeline-weather-data.py for tasks to queue
[2025-12-06T19:08:52.760+0000] {logging_mixin.py:188} INFO - [2025-12-06T19:08:52.760+0000] {dagbag.py:538} INFO - Filling up the DagBag from /opt/airflow/dags/pipeline-weather-data.py
[2025-12-06T19:08:53.321+0000] {logging_mixin.py:188} INFO - [2025-12-06T19:08:53.320+0000] {dagbag.py:348} ERROR - Failed to import: /opt/airflow/dags/pipeline-weather-data.py
Traceback (most recent call last):
  File "/home/airflow/.local/lib/python3.8/site-packages/airflow/models/dagbag.py", line 344, in parse
    loader.exec_module(new_module)
  File "<frozen importlib._bootstrap_external>", line 843, in exec_module
  File "<frozen importlib._bootstrap>", line 219, in _call_with_frames_removed
  File "/opt/airflow/dags/pipeline-weather-data.py", line 270, in <module>
    num_batches = int(Variable.get(f"{weather_data_type_extraction}_num_batches"))
  File "/home/airflow/.local/lib/python3.8/site-packages/airflow/models/variable.py", line 143, in get
    raise KeyError(f"Variable {key} does not exist")
KeyError: 'Variable actual_num_batches does not exist'
[2025-12-06T19:08:53.322+0000] {processor.py:842} WARNING - No viable dags retrieved from /opt/airflow/dags/pipeline-weather-data.py
[2025-12-06T19:08:53.329+0000] {processor.py:183} INFO - Processing /opt/airflow/dags/pipeline-weather-data.py took 0.578 seconds
[2025-12-06T19:09:23.540+0000] {processor.py:161} INFO - Started process (PID=223) to work on /opt/airflow/dags/pipeline-weather-data.py
[2025-12-06T19:09:23.542+0000] {processor.py:830} INFO - Processing file /opt/airflow/dags/pipeline-weather-data.py for tasks to queue
[2025-12-06T19:09:23.545+0000] {logging_mixin.py:188} INFO - [2025-12-06T19:09:23.544+0000] {dagbag.py:538} INFO - Filling up the DagBag from /opt/airflow/dags/pipeline-weather-data.py
[2025-12-06T19:09:24.336+0000] {logging_mixin.py:188} INFO - [2025-12-06T19:09:24.334+0000] {dagbag.py:348} ERROR - Failed to import: /opt/airflow/dags/pipeline-weather-data.py
Traceback (most recent call last):
  File "/home/airflow/.local/lib/python3.8/site-packages/airflow/models/dagbag.py", line 344, in parse
    loader.exec_module(new_module)
  File "<frozen importlib._bootstrap_external>", line 843, in exec_module
  File "<frozen importlib._bootstrap>", line 219, in _call_with_frames_removed
  File "/opt/airflow/dags/pipeline-weather-data.py", line 270, in <module>
    num_batches = int(Variable.get(f"{weather_data_type_extraction}_num_batches"))
  File "/home/airflow/.local/lib/python3.8/site-packages/airflow/models/variable.py", line 143, in get
    raise KeyError(f"Variable {key} does not exist")
KeyError: 'Variable actual_num_batches does not exist'
[2025-12-06T19:09:24.336+0000] {processor.py:842} WARNING - No viable dags retrieved from /opt/airflow/dags/pipeline-weather-data.py
[2025-12-06T19:09:24.346+0000] {processor.py:183} INFO - Processing /opt/airflow/dags/pipeline-weather-data.py took 0.811 seconds
[2025-12-06T19:09:54.575+0000] {processor.py:161} INFO - Started process (PID=231) to work on /opt/airflow/dags/pipeline-weather-data.py
[2025-12-06T19:09:54.577+0000] {processor.py:830} INFO - Processing file /opt/airflow/dags/pipeline-weather-data.py for tasks to queue
[2025-12-06T19:09:54.580+0000] {logging_mixin.py:188} INFO - [2025-12-06T19:09:54.579+0000] {dagbag.py:538} INFO - Filling up the DagBag from /opt/airflow/dags/pipeline-weather-data.py
[2025-12-06T19:09:55.125+0000] {logging_mixin.py:188} INFO - [2025-12-06T19:09:55.124+0000] {dagbag.py:348} ERROR - Failed to import: /opt/airflow/dags/pipeline-weather-data.py
Traceback (most recent call last):
  File "/home/airflow/.local/lib/python3.8/site-packages/airflow/models/dagbag.py", line 344, in parse
    loader.exec_module(new_module)
  File "<frozen importlib._bootstrap_external>", line 843, in exec_module
  File "<frozen importlib._bootstrap>", line 219, in _call_with_frames_removed
  File "/opt/airflow/dags/pipeline-weather-data.py", line 270, in <module>
    num_batches = int(Variable.get(f"{weather_data_type_extraction}_num_batches"))
  File "/home/airflow/.local/lib/python3.8/site-packages/airflow/models/variable.py", line 143, in get
    raise KeyError(f"Variable {key} does not exist")
KeyError: 'Variable actual_num_batches does not exist'
[2025-12-06T19:09:55.126+0000] {processor.py:842} WARNING - No viable dags retrieved from /opt/airflow/dags/pipeline-weather-data.py
[2025-12-06T19:09:55.133+0000] {processor.py:183} INFO - Processing /opt/airflow/dags/pipeline-weather-data.py took 0.562 seconds
[2025-12-06T19:10:25.356+0000] {processor.py:161} INFO - Started process (PID=239) to work on /opt/airflow/dags/pipeline-weather-data.py
[2025-12-06T19:10:25.357+0000] {processor.py:830} INFO - Processing file /opt/airflow/dags/pipeline-weather-data.py for tasks to queue
[2025-12-06T19:10:25.360+0000] {logging_mixin.py:188} INFO - [2025-12-06T19:10:25.359+0000] {dagbag.py:538} INFO - Filling up the DagBag from /opt/airflow/dags/pipeline-weather-data.py
[2025-12-06T19:10:26.053+0000] {logging_mixin.py:188} INFO - [2025-12-06T19:10:26.051+0000] {dagbag.py:348} ERROR - Failed to import: /opt/airflow/dags/pipeline-weather-data.py
Traceback (most recent call last):
  File "/home/airflow/.local/lib/python3.8/site-packages/airflow/models/dagbag.py", line 344, in parse
    loader.exec_module(new_module)
  File "<frozen importlib._bootstrap_external>", line 843, in exec_module
  File "<frozen importlib._bootstrap>", line 219, in _call_with_frames_removed
  File "/opt/airflow/dags/pipeline-weather-data.py", line 270, in <module>
    num_batches = int(Variable.get(f"{weather_data_type_extraction}_num_batches"))
  File "/home/airflow/.local/lib/python3.8/site-packages/airflow/models/variable.py", line 143, in get
    raise KeyError(f"Variable {key} does not exist")
KeyError: 'Variable actual_num_batches does not exist'
[2025-12-06T19:10:26.054+0000] {processor.py:842} WARNING - No viable dags retrieved from /opt/airflow/dags/pipeline-weather-data.py
[2025-12-06T19:10:26.065+0000] {processor.py:183} INFO - Processing /opt/airflow/dags/pipeline-weather-data.py took 0.714 seconds
[2025-12-06T19:10:56.262+0000] {processor.py:161} INFO - Started process (PID=247) to work on /opt/airflow/dags/pipeline-weather-data.py
[2025-12-06T19:10:56.263+0000] {processor.py:830} INFO - Processing file /opt/airflow/dags/pipeline-weather-data.py for tasks to queue
[2025-12-06T19:10:56.266+0000] {logging_mixin.py:188} INFO - [2025-12-06T19:10:56.266+0000] {dagbag.py:538} INFO - Filling up the DagBag from /opt/airflow/dags/pipeline-weather-data.py
[2025-12-06T19:10:56.840+0000] {logging_mixin.py:188} INFO - [2025-12-06T19:10:56.839+0000] {dagbag.py:348} ERROR - Failed to import: /opt/airflow/dags/pipeline-weather-data.py
Traceback (most recent call last):
  File "/home/airflow/.local/lib/python3.8/site-packages/airflow/models/dagbag.py", line 344, in parse
    loader.exec_module(new_module)
  File "<frozen importlib._bootstrap_external>", line 843, in exec_module
  File "<frozen importlib._bootstrap>", line 219, in _call_with_frames_removed
  File "/opt/airflow/dags/pipeline-weather-data.py", line 270, in <module>
    num_batches = int(Variable.get(f"{weather_data_type_extraction}_num_batches"))
  File "/home/airflow/.local/lib/python3.8/site-packages/airflow/models/variable.py", line 143, in get
    raise KeyError(f"Variable {key} does not exist")
KeyError: 'Variable actual_num_batches does not exist'
[2025-12-06T19:10:56.841+0000] {processor.py:842} WARNING - No viable dags retrieved from /opt/airflow/dags/pipeline-weather-data.py
[2025-12-06T19:10:56.848+0000] {processor.py:183} INFO - Processing /opt/airflow/dags/pipeline-weather-data.py took 0.591 seconds
[2025-12-06T19:11:27.066+0000] {processor.py:161} INFO - Started process (PID=255) to work on /opt/airflow/dags/pipeline-weather-data.py
[2025-12-06T19:11:27.067+0000] {processor.py:830} INFO - Processing file /opt/airflow/dags/pipeline-weather-data.py for tasks to queue
[2025-12-06T19:11:27.070+0000] {logging_mixin.py:188} INFO - [2025-12-06T19:11:27.070+0000] {dagbag.py:538} INFO - Filling up the DagBag from /opt/airflow/dags/pipeline-weather-data.py
[2025-12-06T19:11:27.596+0000] {logging_mixin.py:188} INFO - [2025-12-06T19:11:27.595+0000] {dagbag.py:348} ERROR - Failed to import: /opt/airflow/dags/pipeline-weather-data.py
Traceback (most recent call last):
  File "/home/airflow/.local/lib/python3.8/site-packages/airflow/models/dagbag.py", line 344, in parse
    loader.exec_module(new_module)
  File "<frozen importlib._bootstrap_external>", line 843, in exec_module
  File "<frozen importlib._bootstrap>", line 219, in _call_with_frames_removed
  File "/opt/airflow/dags/pipeline-weather-data.py", line 270, in <module>
    num_batches = int(Variable.get(f"{weather_data_type_extraction}_num_batches"))
  File "/home/airflow/.local/lib/python3.8/site-packages/airflow/models/variable.py", line 143, in get
    raise KeyError(f"Variable {key} does not exist")
KeyError: 'Variable actual_num_batches does not exist'
[2025-12-06T19:11:27.597+0000] {processor.py:842} WARNING - No viable dags retrieved from /opt/airflow/dags/pipeline-weather-data.py
[2025-12-06T19:11:27.604+0000] {processor.py:183} INFO - Processing /opt/airflow/dags/pipeline-weather-data.py took 0.542 seconds
[2025-12-06T19:11:57.788+0000] {processor.py:161} INFO - Started process (PID=264) to work on /opt/airflow/dags/pipeline-weather-data.py
[2025-12-06T19:11:57.789+0000] {processor.py:830} INFO - Processing file /opt/airflow/dags/pipeline-weather-data.py for tasks to queue
[2025-12-06T19:11:57.792+0000] {logging_mixin.py:188} INFO - [2025-12-06T19:11:57.792+0000] {dagbag.py:538} INFO - Filling up the DagBag from /opt/airflow/dags/pipeline-weather-data.py
[2025-12-06T19:11:58.330+0000] {logging_mixin.py:188} INFO - [2025-12-06T19:11:58.329+0000] {dagbag.py:348} ERROR - Failed to import: /opt/airflow/dags/pipeline-weather-data.py
Traceback (most recent call last):
  File "/home/airflow/.local/lib/python3.8/site-packages/airflow/models/dagbag.py", line 344, in parse
    loader.exec_module(new_module)
  File "<frozen importlib._bootstrap_external>", line 843, in exec_module
  File "<frozen importlib._bootstrap>", line 219, in _call_with_frames_removed
  File "/opt/airflow/dags/pipeline-weather-data.py", line 270, in <module>
    num_batches = int(Variable.get(f"{weather_data_type_extraction}_num_batches"))
  File "/home/airflow/.local/lib/python3.8/site-packages/airflow/models/variable.py", line 143, in get
    raise KeyError(f"Variable {key} does not exist")
KeyError: 'Variable actual_num_batches does not exist'
[2025-12-06T19:11:58.331+0000] {processor.py:842} WARNING - No viable dags retrieved from /opt/airflow/dags/pipeline-weather-data.py
[2025-12-06T19:11:58.339+0000] {processor.py:183} INFO - Processing /opt/airflow/dags/pipeline-weather-data.py took 0.556 seconds
[2025-12-06T19:12:28.570+0000] {processor.py:161} INFO - Started process (PID=272) to work on /opt/airflow/dags/pipeline-weather-data.py
[2025-12-06T19:12:28.572+0000] {processor.py:830} INFO - Processing file /opt/airflow/dags/pipeline-weather-data.py for tasks to queue
[2025-12-06T19:12:28.577+0000] {logging_mixin.py:188} INFO - [2025-12-06T19:12:28.576+0000] {dagbag.py:538} INFO - Filling up the DagBag from /opt/airflow/dags/pipeline-weather-data.py
[2025-12-06T19:12:29.386+0000] {logging_mixin.py:188} INFO - [2025-12-06T19:12:29.384+0000] {dagbag.py:348} ERROR - Failed to import: /opt/airflow/dags/pipeline-weather-data.py
Traceback (most recent call last):
  File "/home/airflow/.local/lib/python3.8/site-packages/airflow/models/dagbag.py", line 344, in parse
    loader.exec_module(new_module)
  File "<frozen importlib._bootstrap_external>", line 843, in exec_module
  File "<frozen importlib._bootstrap>", line 219, in _call_with_frames_removed
  File "/opt/airflow/dags/pipeline-weather-data.py", line 270, in <module>
    num_batches = int(Variable.get(f"{weather_data_type_extraction}_num_batches"))
  File "/home/airflow/.local/lib/python3.8/site-packages/airflow/models/variable.py", line 143, in get
    raise KeyError(f"Variable {key} does not exist")
KeyError: 'Variable actual_num_batches does not exist'
[2025-12-06T19:12:29.387+0000] {processor.py:842} WARNING - No viable dags retrieved from /opt/airflow/dags/pipeline-weather-data.py
[2025-12-06T19:12:29.397+0000] {processor.py:183} INFO - Processing /opt/airflow/dags/pipeline-weather-data.py took 0.833 seconds
[2025-12-06T19:12:59.603+0000] {processor.py:161} INFO - Started process (PID=280) to work on /opt/airflow/dags/pipeline-weather-data.py
[2025-12-06T19:12:59.604+0000] {processor.py:830} INFO - Processing file /opt/airflow/dags/pipeline-weather-data.py for tasks to queue
[2025-12-06T19:12:59.607+0000] {logging_mixin.py:188} INFO - [2025-12-06T19:12:59.607+0000] {dagbag.py:538} INFO - Filling up the DagBag from /opt/airflow/dags/pipeline-weather-data.py
[2025-12-06T19:13:00.195+0000] {logging_mixin.py:188} INFO - [2025-12-06T19:13:00.194+0000] {dagbag.py:348} ERROR - Failed to import: /opt/airflow/dags/pipeline-weather-data.py
Traceback (most recent call last):
  File "/home/airflow/.local/lib/python3.8/site-packages/airflow/models/dagbag.py", line 344, in parse
    loader.exec_module(new_module)
  File "<frozen importlib._bootstrap_external>", line 843, in exec_module
  File "<frozen importlib._bootstrap>", line 219, in _call_with_frames_removed
  File "/opt/airflow/dags/pipeline-weather-data.py", line 270, in <module>
    num_batches = int(Variable.get(f"{weather_data_type_extraction}_num_batches"))
  File "/home/airflow/.local/lib/python3.8/site-packages/airflow/models/variable.py", line 143, in get
    raise KeyError(f"Variable {key} does not exist")
KeyError: 'Variable actual_num_batches does not exist'
[2025-12-06T19:13:00.196+0000] {processor.py:842} WARNING - No viable dags retrieved from /opt/airflow/dags/pipeline-weather-data.py
[2025-12-06T19:13:00.204+0000] {processor.py:183} INFO - Processing /opt/airflow/dags/pipeline-weather-data.py took 0.606 seconds
[2025-12-06T19:13:30.426+0000] {processor.py:161} INFO - Started process (PID=288) to work on /opt/airflow/dags/pipeline-weather-data.py
[2025-12-06T19:13:30.430+0000] {processor.py:830} INFO - Processing file /opt/airflow/dags/pipeline-weather-data.py for tasks to queue
[2025-12-06T19:13:30.435+0000] {logging_mixin.py:188} INFO - [2025-12-06T19:13:30.434+0000] {dagbag.py:538} INFO - Filling up the DagBag from /opt/airflow/dags/pipeline-weather-data.py
[2025-12-06T19:13:31.080+0000] {logging_mixin.py:188} INFO - [2025-12-06T19:13:31.078+0000] {dagbag.py:348} ERROR - Failed to import: /opt/airflow/dags/pipeline-weather-data.py
Traceback (most recent call last):
  File "/home/airflow/.local/lib/python3.8/site-packages/airflow/models/dagbag.py", line 344, in parse
    loader.exec_module(new_module)
  File "<frozen importlib._bootstrap_external>", line 843, in exec_module
  File "<frozen importlib._bootstrap>", line 219, in _call_with_frames_removed
  File "/opt/airflow/dags/pipeline-weather-data.py", line 270, in <module>
    num_batches = int(Variable.get(f"{weather_data_type_extraction}_num_batches"))
  File "/home/airflow/.local/lib/python3.8/site-packages/airflow/models/variable.py", line 143, in get
    raise KeyError(f"Variable {key} does not exist")
KeyError: 'Variable actual_num_batches does not exist'
[2025-12-06T19:13:31.081+0000] {processor.py:842} WARNING - No viable dags retrieved from /opt/airflow/dags/pipeline-weather-data.py
[2025-12-06T19:13:31.089+0000] {processor.py:183} INFO - Processing /opt/airflow/dags/pipeline-weather-data.py took 0.672 seconds
[2025-12-06T19:14:01.280+0000] {processor.py:161} INFO - Started process (PID=296) to work on /opt/airflow/dags/pipeline-weather-data.py
[2025-12-06T19:14:01.282+0000] {processor.py:830} INFO - Processing file /opt/airflow/dags/pipeline-weather-data.py for tasks to queue
[2025-12-06T19:14:01.284+0000] {logging_mixin.py:188} INFO - [2025-12-06T19:14:01.284+0000] {dagbag.py:538} INFO - Filling up the DagBag from /opt/airflow/dags/pipeline-weather-data.py
[2025-12-06T19:14:01.912+0000] {logging_mixin.py:188} INFO - [2025-12-06T19:14:01.911+0000] {dagbag.py:348} ERROR - Failed to import: /opt/airflow/dags/pipeline-weather-data.py
Traceback (most recent call last):
  File "/home/airflow/.local/lib/python3.8/site-packages/airflow/models/dagbag.py", line 344, in parse
    loader.exec_module(new_module)
  File "<frozen importlib._bootstrap_external>", line 843, in exec_module
  File "<frozen importlib._bootstrap>", line 219, in _call_with_frames_removed
  File "/opt/airflow/dags/pipeline-weather-data.py", line 270, in <module>
    num_batches = int(Variable.get(f"{weather_data_type_extraction}_num_batches"))
  File "/home/airflow/.local/lib/python3.8/site-packages/airflow/models/variable.py", line 143, in get
    raise KeyError(f"Variable {key} does not exist")
KeyError: 'Variable actual_num_batches does not exist'
[2025-12-06T19:14:01.913+0000] {processor.py:842} WARNING - No viable dags retrieved from /opt/airflow/dags/pipeline-weather-data.py
[2025-12-06T19:14:01.922+0000] {processor.py:183} INFO - Processing /opt/airflow/dags/pipeline-weather-data.py took 0.645 seconds
[2025-12-06T19:14:32.141+0000] {processor.py:161} INFO - Started process (PID=304) to work on /opt/airflow/dags/pipeline-weather-data.py
[2025-12-06T19:14:32.143+0000] {processor.py:830} INFO - Processing file /opt/airflow/dags/pipeline-weather-data.py for tasks to queue
[2025-12-06T19:14:32.146+0000] {logging_mixin.py:188} INFO - [2025-12-06T19:14:32.145+0000] {dagbag.py:538} INFO - Filling up the DagBag from /opt/airflow/dags/pipeline-weather-data.py
[2025-12-06T19:14:32.693+0000] {logging_mixin.py:188} INFO - [2025-12-06T19:14:32.691+0000] {dagbag.py:348} ERROR - Failed to import: /opt/airflow/dags/pipeline-weather-data.py
Traceback (most recent call last):
  File "/home/airflow/.local/lib/python3.8/site-packages/airflow/models/dagbag.py", line 344, in parse
    loader.exec_module(new_module)
  File "<frozen importlib._bootstrap_external>", line 843, in exec_module
  File "<frozen importlib._bootstrap>", line 219, in _call_with_frames_removed
  File "/opt/airflow/dags/pipeline-weather-data.py", line 270, in <module>
    num_batches = int(Variable.get(f"{weather_data_type_extraction}_num_batches"))
  File "/home/airflow/.local/lib/python3.8/site-packages/airflow/models/variable.py", line 143, in get
    raise KeyError(f"Variable {key} does not exist")
KeyError: 'Variable actual_num_batches does not exist'
[2025-12-06T19:14:32.693+0000] {processor.py:842} WARNING - No viable dags retrieved from /opt/airflow/dags/pipeline-weather-data.py
[2025-12-06T19:14:32.701+0000] {processor.py:183} INFO - Processing /opt/airflow/dags/pipeline-weather-data.py took 0.564 seconds
[2025-12-06T19:15:02.878+0000] {processor.py:161} INFO - Started process (PID=312) to work on /opt/airflow/dags/pipeline-weather-data.py
[2025-12-06T19:15:02.880+0000] {processor.py:830} INFO - Processing file /opt/airflow/dags/pipeline-weather-data.py for tasks to queue
[2025-12-06T19:15:02.882+0000] {logging_mixin.py:188} INFO - [2025-12-06T19:15:02.882+0000] {dagbag.py:538} INFO - Filling up the DagBag from /opt/airflow/dags/pipeline-weather-data.py
[2025-12-06T19:15:03.486+0000] {logging_mixin.py:188} INFO - [2025-12-06T19:15:03.483+0000] {dagbag.py:348} ERROR - Failed to import: /opt/airflow/dags/pipeline-weather-data.py
Traceback (most recent call last):
  File "/home/airflow/.local/lib/python3.8/site-packages/airflow/models/dagbag.py", line 344, in parse
    loader.exec_module(new_module)
  File "<frozen importlib._bootstrap_external>", line 843, in exec_module
  File "<frozen importlib._bootstrap>", line 219, in _call_with_frames_removed
  File "/opt/airflow/dags/pipeline-weather-data.py", line 270, in <module>
    num_batches = int(Variable.get(f"{weather_data_type_extraction}_num_batches"))
  File "/home/airflow/.local/lib/python3.8/site-packages/airflow/models/variable.py", line 143, in get
    raise KeyError(f"Variable {key} does not exist")
KeyError: 'Variable actual_num_batches does not exist'
[2025-12-06T19:15:03.487+0000] {processor.py:842} WARNING - No viable dags retrieved from /opt/airflow/dags/pipeline-weather-data.py
[2025-12-06T19:15:03.497+0000] {processor.py:183} INFO - Processing /opt/airflow/dags/pipeline-weather-data.py took 0.623 seconds
[2025-12-06T19:15:33.715+0000] {processor.py:161} INFO - Started process (PID=320) to work on /opt/airflow/dags/pipeline-weather-data.py
[2025-12-06T19:15:33.716+0000] {processor.py:830} INFO - Processing file /opt/airflow/dags/pipeline-weather-data.py for tasks to queue
[2025-12-06T19:15:33.719+0000] {logging_mixin.py:188} INFO - [2025-12-06T19:15:33.719+0000] {dagbag.py:538} INFO - Filling up the DagBag from /opt/airflow/dags/pipeline-weather-data.py
[2025-12-06T19:15:34.352+0000] {logging_mixin.py:188} INFO - [2025-12-06T19:15:34.350+0000] {dagbag.py:348} ERROR - Failed to import: /opt/airflow/dags/pipeline-weather-data.py
Traceback (most recent call last):
  File "/home/airflow/.local/lib/python3.8/site-packages/airflow/models/dagbag.py", line 344, in parse
    loader.exec_module(new_module)
  File "<frozen importlib._bootstrap_external>", line 843, in exec_module
  File "<frozen importlib._bootstrap>", line 219, in _call_with_frames_removed
  File "/opt/airflow/dags/pipeline-weather-data.py", line 270, in <module>
    num_batches = int(Variable.get(f"{weather_data_type_extraction}_num_batches"))
  File "/home/airflow/.local/lib/python3.8/site-packages/airflow/models/variable.py", line 143, in get
    raise KeyError(f"Variable {key} does not exist")
KeyError: 'Variable actual_num_batches does not exist'
[2025-12-06T19:15:34.353+0000] {processor.py:842} WARNING - No viable dags retrieved from /opt/airflow/dags/pipeline-weather-data.py
[2025-12-06T19:15:34.362+0000] {processor.py:183} INFO - Processing /opt/airflow/dags/pipeline-weather-data.py took 0.651 seconds
[2025-12-06T19:16:04.721+0000] {processor.py:161} INFO - Started process (PID=328) to work on /opt/airflow/dags/pipeline-weather-data.py
[2025-12-06T19:16:04.723+0000] {processor.py:830} INFO - Processing file /opt/airflow/dags/pipeline-weather-data.py for tasks to queue
[2025-12-06T19:16:04.726+0000] {logging_mixin.py:188} INFO - [2025-12-06T19:16:04.726+0000] {dagbag.py:538} INFO - Filling up the DagBag from /opt/airflow/dags/pipeline-weather-data.py
[2025-12-06T19:16:05.200+0000] {logging_mixin.py:188} INFO - [2025-12-06T19:16:05.198+0000] {dagbag.py:348} ERROR - Failed to import: /opt/airflow/dags/pipeline-weather-data.py
Traceback (most recent call last):
  File "/home/airflow/.local/lib/python3.8/site-packages/airflow/models/dagbag.py", line 344, in parse
    loader.exec_module(new_module)
  File "<frozen importlib._bootstrap_external>", line 843, in exec_module
  File "<frozen importlib._bootstrap>", line 219, in _call_with_frames_removed
  File "/opt/airflow/dags/pipeline-weather-data.py", line 270, in <module>
    num_batches = int(Variable.get(f"{weather_data_type_extraction}_num_batches"))
  File "/home/airflow/.local/lib/python3.8/site-packages/airflow/models/variable.py", line 143, in get
    raise KeyError(f"Variable {key} does not exist")
KeyError: 'Variable actual_num_batches does not exist'
[2025-12-06T19:16:05.200+0000] {processor.py:842} WARNING - No viable dags retrieved from /opt/airflow/dags/pipeline-weather-data.py
[2025-12-06T19:16:05.210+0000] {processor.py:183} INFO - Processing /opt/airflow/dags/pipeline-weather-data.py took 0.495 seconds
[2025-12-06T19:16:35.418+0000] {processor.py:161} INFO - Started process (PID=336) to work on /opt/airflow/dags/pipeline-weather-data.py
[2025-12-06T19:16:35.419+0000] {processor.py:830} INFO - Processing file /opt/airflow/dags/pipeline-weather-data.py for tasks to queue
[2025-12-06T19:16:35.422+0000] {logging_mixin.py:188} INFO - [2025-12-06T19:16:35.422+0000] {dagbag.py:538} INFO - Filling up the DagBag from /opt/airflow/dags/pipeline-weather-data.py
[2025-12-06T19:16:35.857+0000] {logging_mixin.py:188} INFO - [2025-12-06T19:16:35.855+0000] {dagbag.py:348} ERROR - Failed to import: /opt/airflow/dags/pipeline-weather-data.py
Traceback (most recent call last):
  File "/home/airflow/.local/lib/python3.8/site-packages/airflow/models/dagbag.py", line 344, in parse
    loader.exec_module(new_module)
  File "<frozen importlib._bootstrap_external>", line 843, in exec_module
  File "<frozen importlib._bootstrap>", line 219, in _call_with_frames_removed
  File "/opt/airflow/dags/pipeline-weather-data.py", line 270, in <module>
    num_batches = int(Variable.get(f"{weather_data_type_extraction}_num_batches"))
  File "/home/airflow/.local/lib/python3.8/site-packages/airflow/models/variable.py", line 143, in get
    raise KeyError(f"Variable {key} does not exist")
KeyError: 'Variable actual_num_batches does not exist'
[2025-12-06T19:16:35.857+0000] {processor.py:842} WARNING - No viable dags retrieved from /opt/airflow/dags/pipeline-weather-data.py
[2025-12-06T19:16:35.867+0000] {processor.py:183} INFO - Processing /opt/airflow/dags/pipeline-weather-data.py took 0.455 seconds
[2025-12-06T19:17:06.076+0000] {processor.py:161} INFO - Started process (PID=344) to work on /opt/airflow/dags/pipeline-weather-data.py
[2025-12-06T19:17:06.077+0000] {processor.py:830} INFO - Processing file /opt/airflow/dags/pipeline-weather-data.py for tasks to queue
[2025-12-06T19:17:06.080+0000] {logging_mixin.py:188} INFO - [2025-12-06T19:17:06.079+0000] {dagbag.py:538} INFO - Filling up the DagBag from /opt/airflow/dags/pipeline-weather-data.py
[2025-12-06T19:17:06.566+0000] {logging_mixin.py:188} INFO - [2025-12-06T19:17:06.561+0000] {dagbag.py:348} ERROR - Failed to import: /opt/airflow/dags/pipeline-weather-data.py
Traceback (most recent call last):
  File "/home/airflow/.local/lib/python3.8/site-packages/airflow/models/dagbag.py", line 344, in parse
    loader.exec_module(new_module)
  File "<frozen importlib._bootstrap_external>", line 843, in exec_module
  File "<frozen importlib._bootstrap>", line 219, in _call_with_frames_removed
  File "/opt/airflow/dags/pipeline-weather-data.py", line 270, in <module>
    num_batches = int(Variable.get(f"{weather_data_type_extraction}_num_batches"))
  File "/home/airflow/.local/lib/python3.8/site-packages/airflow/models/variable.py", line 143, in get
    raise KeyError(f"Variable {key} does not exist")
KeyError: 'Variable actual_num_batches does not exist'
[2025-12-06T19:17:06.567+0000] {processor.py:842} WARNING - No viable dags retrieved from /opt/airflow/dags/pipeline-weather-data.py
[2025-12-06T19:17:06.582+0000] {processor.py:183} INFO - Processing /opt/airflow/dags/pipeline-weather-data.py took 0.509 seconds
[2025-12-06T19:17:36.828+0000] {processor.py:161} INFO - Started process (PID=352) to work on /opt/airflow/dags/pipeline-weather-data.py
[2025-12-06T19:17:36.829+0000] {processor.py:830} INFO - Processing file /opt/airflow/dags/pipeline-weather-data.py for tasks to queue
[2025-12-06T19:17:36.831+0000] {logging_mixin.py:188} INFO - [2025-12-06T19:17:36.831+0000] {dagbag.py:538} INFO - Filling up the DagBag from /opt/airflow/dags/pipeline-weather-data.py
[2025-12-06T19:17:37.244+0000] {logging_mixin.py:188} INFO - [2025-12-06T19:17:37.242+0000] {dagbag.py:348} ERROR - Failed to import: /opt/airflow/dags/pipeline-weather-data.py
Traceback (most recent call last):
  File "/home/airflow/.local/lib/python3.8/site-packages/airflow/models/dagbag.py", line 344, in parse
    loader.exec_module(new_module)
  File "<frozen importlib._bootstrap_external>", line 843, in exec_module
  File "<frozen importlib._bootstrap>", line 219, in _call_with_frames_removed
  File "/opt/airflow/dags/pipeline-weather-data.py", line 270, in <module>
    num_batches = int(Variable.get(f"{weather_data_type_extraction}_num_batches"))
  File "/home/airflow/.local/lib/python3.8/site-packages/airflow/models/variable.py", line 143, in get
    raise KeyError(f"Variable {key} does not exist")
KeyError: 'Variable actual_num_batches does not exist'
[2025-12-06T19:17:37.244+0000] {processor.py:842} WARNING - No viable dags retrieved from /opt/airflow/dags/pipeline-weather-data.py
[2025-12-06T19:17:37.254+0000] {processor.py:183} INFO - Processing /opt/airflow/dags/pipeline-weather-data.py took 0.429 seconds
[2025-12-06T19:18:07.456+0000] {processor.py:161} INFO - Started process (PID=366) to work on /opt/airflow/dags/pipeline-weather-data.py
[2025-12-06T19:18:07.457+0000] {processor.py:830} INFO - Processing file /opt/airflow/dags/pipeline-weather-data.py for tasks to queue
[2025-12-06T19:18:07.460+0000] {logging_mixin.py:188} INFO - [2025-12-06T19:18:07.460+0000] {dagbag.py:538} INFO - Filling up the DagBag from /opt/airflow/dags/pipeline-weather-data.py
[2025-12-06T19:18:07.935+0000] {logging_mixin.py:188} INFO - [2025-12-06T19:18:07.934+0000] {dagbag.py:348} ERROR - Failed to import: /opt/airflow/dags/pipeline-weather-data.py
Traceback (most recent call last):
  File "/home/airflow/.local/lib/python3.8/site-packages/airflow/models/dagbag.py", line 344, in parse
    loader.exec_module(new_module)
  File "<frozen importlib._bootstrap_external>", line 843, in exec_module
  File "<frozen importlib._bootstrap>", line 219, in _call_with_frames_removed
  File "/opt/airflow/dags/pipeline-weather-data.py", line 270, in <module>
    num_batches = int(Variable.get(f"{weather_data_type_extraction}_num_batches"))
  File "/home/airflow/.local/lib/python3.8/site-packages/airflow/models/variable.py", line 143, in get
    raise KeyError(f"Variable {key} does not exist")
KeyError: 'Variable actual_num_batches does not exist'
[2025-12-06T19:18:07.936+0000] {processor.py:842} WARNING - No viable dags retrieved from /opt/airflow/dags/pipeline-weather-data.py
[2025-12-06T19:18:07.944+0000] {processor.py:183} INFO - Processing /opt/airflow/dags/pipeline-weather-data.py took 0.492 seconds
[2025-12-06T19:18:38.151+0000] {processor.py:161} INFO - Started process (PID=374) to work on /opt/airflow/dags/pipeline-weather-data.py
[2025-12-06T19:18:38.153+0000] {processor.py:830} INFO - Processing file /opt/airflow/dags/pipeline-weather-data.py for tasks to queue
[2025-12-06T19:18:38.156+0000] {logging_mixin.py:188} INFO - [2025-12-06T19:18:38.155+0000] {dagbag.py:538} INFO - Filling up the DagBag from /opt/airflow/dags/pipeline-weather-data.py
[2025-12-06T19:18:38.554+0000] {logging_mixin.py:188} INFO - [2025-12-06T19:18:38.552+0000] {dagbag.py:348} ERROR - Failed to import: /opt/airflow/dags/pipeline-weather-data.py
Traceback (most recent call last):
  File "/home/airflow/.local/lib/python3.8/site-packages/airflow/models/dagbag.py", line 344, in parse
    loader.exec_module(new_module)
  File "<frozen importlib._bootstrap_external>", line 843, in exec_module
  File "<frozen importlib._bootstrap>", line 219, in _call_with_frames_removed
  File "/opt/airflow/dags/pipeline-weather-data.py", line 270, in <module>
    num_batches = int(Variable.get(f"{weather_data_type_extraction}_num_batches"))
  File "/home/airflow/.local/lib/python3.8/site-packages/airflow/models/variable.py", line 143, in get
    raise KeyError(f"Variable {key} does not exist")
KeyError: 'Variable actual_num_batches does not exist'
[2025-12-06T19:18:38.555+0000] {processor.py:842} WARNING - No viable dags retrieved from /opt/airflow/dags/pipeline-weather-data.py
[2025-12-06T19:18:38.566+0000] {processor.py:183} INFO - Processing /opt/airflow/dags/pipeline-weather-data.py took 0.420 seconds
[2025-12-06T19:19:08.796+0000] {processor.py:161} INFO - Started process (PID=382) to work on /opt/airflow/dags/pipeline-weather-data.py
[2025-12-06T19:19:08.797+0000] {processor.py:830} INFO - Processing file /opt/airflow/dags/pipeline-weather-data.py for tasks to queue
[2025-12-06T19:19:08.806+0000] {logging_mixin.py:188} INFO - [2025-12-06T19:19:08.806+0000] {dagbag.py:538} INFO - Filling up the DagBag from /opt/airflow/dags/pipeline-weather-data.py
[2025-12-06T19:19:09.250+0000] {logging_mixin.py:188} INFO - [2025-12-06T19:19:09.248+0000] {dagbag.py:348} ERROR - Failed to import: /opt/airflow/dags/pipeline-weather-data.py
Traceback (most recent call last):
  File "/home/airflow/.local/lib/python3.8/site-packages/airflow/models/dagbag.py", line 344, in parse
    loader.exec_module(new_module)
  File "<frozen importlib._bootstrap_external>", line 843, in exec_module
  File "<frozen importlib._bootstrap>", line 219, in _call_with_frames_removed
  File "/opt/airflow/dags/pipeline-weather-data.py", line 270, in <module>
    num_batches = int(Variable.get(f"{weather_data_type_extraction}_num_batches"))
  File "/home/airflow/.local/lib/python3.8/site-packages/airflow/models/variable.py", line 143, in get
    raise KeyError(f"Variable {key} does not exist")
KeyError: 'Variable actual_num_batches does not exist'
[2025-12-06T19:19:09.250+0000] {processor.py:842} WARNING - No viable dags retrieved from /opt/airflow/dags/pipeline-weather-data.py
[2025-12-06T19:19:09.262+0000] {processor.py:183} INFO - Processing /opt/airflow/dags/pipeline-weather-data.py took 0.471 seconds
[2025-12-06T19:19:39.469+0000] {processor.py:161} INFO - Started process (PID=390) to work on /opt/airflow/dags/pipeline-weather-data.py
[2025-12-06T19:19:39.470+0000] {processor.py:830} INFO - Processing file /opt/airflow/dags/pipeline-weather-data.py for tasks to queue
[2025-12-06T19:19:39.473+0000] {logging_mixin.py:188} INFO - [2025-12-06T19:19:39.473+0000] {dagbag.py:538} INFO - Filling up the DagBag from /opt/airflow/dags/pipeline-weather-data.py
[2025-12-06T19:19:39.943+0000] {logging_mixin.py:188} INFO - [2025-12-06T19:19:39.942+0000] {dagbag.py:348} ERROR - Failed to import: /opt/airflow/dags/pipeline-weather-data.py
Traceback (most recent call last):
  File "/home/airflow/.local/lib/python3.8/site-packages/airflow/models/dagbag.py", line 344, in parse
    loader.exec_module(new_module)
  File "<frozen importlib._bootstrap_external>", line 843, in exec_module
  File "<frozen importlib._bootstrap>", line 219, in _call_with_frames_removed
  File "/opt/airflow/dags/pipeline-weather-data.py", line 270, in <module>
    num_batches = int(Variable.get(f"{weather_data_type_extraction}_num_batches"))
  File "/home/airflow/.local/lib/python3.8/site-packages/airflow/models/variable.py", line 143, in get
    raise KeyError(f"Variable {key} does not exist")
KeyError: 'Variable actual_num_batches does not exist'
[2025-12-06T19:19:39.944+0000] {processor.py:842} WARNING - No viable dags retrieved from /opt/airflow/dags/pipeline-weather-data.py
[2025-12-06T19:19:39.954+0000] {processor.py:183} INFO - Processing /opt/airflow/dags/pipeline-weather-data.py took 0.490 seconds
[2025-12-06T19:20:10.158+0000] {processor.py:161} INFO - Started process (PID=398) to work on /opt/airflow/dags/pipeline-weather-data.py
[2025-12-06T19:20:10.159+0000] {processor.py:830} INFO - Processing file /opt/airflow/dags/pipeline-weather-data.py for tasks to queue
[2025-12-06T19:20:10.162+0000] {logging_mixin.py:188} INFO - [2025-12-06T19:20:10.162+0000] {dagbag.py:538} INFO - Filling up the DagBag from /opt/airflow/dags/pipeline-weather-data.py
[2025-12-06T19:20:10.580+0000] {logging_mixin.py:188} INFO - [2025-12-06T19:20:10.579+0000] {dagbag.py:348} ERROR - Failed to import: /opt/airflow/dags/pipeline-weather-data.py
Traceback (most recent call last):
  File "/home/airflow/.local/lib/python3.8/site-packages/airflow/models/dagbag.py", line 344, in parse
    loader.exec_module(new_module)
  File "<frozen importlib._bootstrap_external>", line 843, in exec_module
  File "<frozen importlib._bootstrap>", line 219, in _call_with_frames_removed
  File "/opt/airflow/dags/pipeline-weather-data.py", line 270, in <module>
    num_batches = int(Variable.get(f"{weather_data_type_extraction}_num_batches"))
  File "/home/airflow/.local/lib/python3.8/site-packages/airflow/models/variable.py", line 143, in get
    raise KeyError(f"Variable {key} does not exist")
KeyError: 'Variable actual_num_batches does not exist'
[2025-12-06T19:20:10.580+0000] {processor.py:842} WARNING - No viable dags retrieved from /opt/airflow/dags/pipeline-weather-data.py
[2025-12-06T19:20:10.589+0000] {processor.py:183} INFO - Processing /opt/airflow/dags/pipeline-weather-data.py took 0.436 seconds
[2025-12-06T19:20:40.801+0000] {processor.py:161} INFO - Started process (PID=406) to work on /opt/airflow/dags/pipeline-weather-data.py
[2025-12-06T19:20:40.802+0000] {processor.py:830} INFO - Processing file /opt/airflow/dags/pipeline-weather-data.py for tasks to queue
[2025-12-06T19:20:40.808+0000] {logging_mixin.py:188} INFO - [2025-12-06T19:20:40.808+0000] {dagbag.py:538} INFO - Filling up the DagBag from /opt/airflow/dags/pipeline-weather-data.py
[2025-12-06T19:20:41.245+0000] {logging_mixin.py:188} INFO - [2025-12-06T19:20:41.243+0000] {dagbag.py:348} ERROR - Failed to import: /opt/airflow/dags/pipeline-weather-data.py
Traceback (most recent call last):
  File "/home/airflow/.local/lib/python3.8/site-packages/airflow/models/dagbag.py", line 344, in parse
    loader.exec_module(new_module)
  File "<frozen importlib._bootstrap_external>", line 843, in exec_module
  File "<frozen importlib._bootstrap>", line 219, in _call_with_frames_removed
  File "/opt/airflow/dags/pipeline-weather-data.py", line 270, in <module>
    num_batches = int(Variable.get(f"{weather_data_type_extraction}_num_batches"))
  File "/home/airflow/.local/lib/python3.8/site-packages/airflow/models/variable.py", line 143, in get
    raise KeyError(f"Variable {key} does not exist")
KeyError: 'Variable actual_num_batches does not exist'
[2025-12-06T19:20:41.245+0000] {processor.py:842} WARNING - No viable dags retrieved from /opt/airflow/dags/pipeline-weather-data.py
[2025-12-06T19:20:41.255+0000] {processor.py:183} INFO - Processing /opt/airflow/dags/pipeline-weather-data.py took 0.464 seconds
[2025-12-06T19:21:11.454+0000] {processor.py:161} INFO - Started process (PID=414) to work on /opt/airflow/dags/pipeline-weather-data.py
[2025-12-06T19:21:11.455+0000] {processor.py:830} INFO - Processing file /opt/airflow/dags/pipeline-weather-data.py for tasks to queue
[2025-12-06T19:21:11.459+0000] {logging_mixin.py:188} INFO - [2025-12-06T19:21:11.458+0000] {dagbag.py:538} INFO - Filling up the DagBag from /opt/airflow/dags/pipeline-weather-data.py
[2025-12-06T19:21:11.903+0000] {logging_mixin.py:188} INFO - [2025-12-06T19:21:11.901+0000] {dagbag.py:348} ERROR - Failed to import: /opt/airflow/dags/pipeline-weather-data.py
Traceback (most recent call last):
  File "/home/airflow/.local/lib/python3.8/site-packages/airflow/models/dagbag.py", line 344, in parse
    loader.exec_module(new_module)
  File "<frozen importlib._bootstrap_external>", line 843, in exec_module
  File "<frozen importlib._bootstrap>", line 219, in _call_with_frames_removed
  File "/opt/airflow/dags/pipeline-weather-data.py", line 270, in <module>
    num_batches = int(Variable.get(f"{weather_data_type_extraction}_num_batches"))
  File "/home/airflow/.local/lib/python3.8/site-packages/airflow/models/variable.py", line 143, in get
    raise KeyError(f"Variable {key} does not exist")
KeyError: 'Variable actual_num_batches does not exist'
[2025-12-06T19:21:11.903+0000] {processor.py:842} WARNING - No viable dags retrieved from /opt/airflow/dags/pipeline-weather-data.py
[2025-12-06T19:21:11.913+0000] {processor.py:183} INFO - Processing /opt/airflow/dags/pipeline-weather-data.py took 0.463 seconds
[2025-12-06T19:21:42.112+0000] {processor.py:161} INFO - Started process (PID=422) to work on /opt/airflow/dags/pipeline-weather-data.py
[2025-12-06T19:21:42.113+0000] {processor.py:830} INFO - Processing file /opt/airflow/dags/pipeline-weather-data.py for tasks to queue
[2025-12-06T19:21:42.116+0000] {logging_mixin.py:188} INFO - [2025-12-06T19:21:42.116+0000] {dagbag.py:538} INFO - Filling up the DagBag from /opt/airflow/dags/pipeline-weather-data.py
[2025-12-06T19:21:42.559+0000] {logging_mixin.py:188} INFO - [2025-12-06T19:21:42.557+0000] {dagbag.py:348} ERROR - Failed to import: /opt/airflow/dags/pipeline-weather-data.py
Traceback (most recent call last):
  File "/home/airflow/.local/lib/python3.8/site-packages/airflow/models/dagbag.py", line 344, in parse
    loader.exec_module(new_module)
  File "<frozen importlib._bootstrap_external>", line 843, in exec_module
  File "<frozen importlib._bootstrap>", line 219, in _call_with_frames_removed
  File "/opt/airflow/dags/pipeline-weather-data.py", line 270, in <module>
    num_batches = int(Variable.get(f"{weather_data_type_extraction}_num_batches"))
  File "/home/airflow/.local/lib/python3.8/site-packages/airflow/models/variable.py", line 143, in get
    raise KeyError(f"Variable {key} does not exist")
KeyError: 'Variable actual_num_batches does not exist'
[2025-12-06T19:21:42.559+0000] {processor.py:842} WARNING - No viable dags retrieved from /opt/airflow/dags/pipeline-weather-data.py
[2025-12-06T19:21:42.573+0000] {processor.py:183} INFO - Processing /opt/airflow/dags/pipeline-weather-data.py took 0.466 seconds
[2025-12-06T19:22:12.773+0000] {processor.py:161} INFO - Started process (PID=430) to work on /opt/airflow/dags/pipeline-weather-data.py
[2025-12-06T19:22:12.774+0000] {processor.py:830} INFO - Processing file /opt/airflow/dags/pipeline-weather-data.py for tasks to queue
[2025-12-06T19:22:12.777+0000] {logging_mixin.py:188} INFO - [2025-12-06T19:22:12.777+0000] {dagbag.py:538} INFO - Filling up the DagBag from /opt/airflow/dags/pipeline-weather-data.py
[2025-12-06T19:22:13.203+0000] {logging_mixin.py:188} INFO - [2025-12-06T19:22:13.201+0000] {dagbag.py:348} ERROR - Failed to import: /opt/airflow/dags/pipeline-weather-data.py
Traceback (most recent call last):
  File "/home/airflow/.local/lib/python3.8/site-packages/airflow/models/dagbag.py", line 344, in parse
    loader.exec_module(new_module)
  File "<frozen importlib._bootstrap_external>", line 843, in exec_module
  File "<frozen importlib._bootstrap>", line 219, in _call_with_frames_removed
  File "/opt/airflow/dags/pipeline-weather-data.py", line 270, in <module>
    num_batches = int(Variable.get(f"{weather_data_type_extraction}_num_batches"))
  File "/home/airflow/.local/lib/python3.8/site-packages/airflow/models/variable.py", line 143, in get
    raise KeyError(f"Variable {key} does not exist")
KeyError: 'Variable actual_num_batches does not exist'
[2025-12-06T19:22:13.203+0000] {processor.py:842} WARNING - No viable dags retrieved from /opt/airflow/dags/pipeline-weather-data.py
[2025-12-06T19:22:13.213+0000] {processor.py:183} INFO - Processing /opt/airflow/dags/pipeline-weather-data.py took 0.445 seconds
[2025-12-06T19:22:43.411+0000] {processor.py:161} INFO - Started process (PID=438) to work on /opt/airflow/dags/pipeline-weather-data.py
[2025-12-06T19:22:43.412+0000] {processor.py:830} INFO - Processing file /opt/airflow/dags/pipeline-weather-data.py for tasks to queue
[2025-12-06T19:22:43.415+0000] {logging_mixin.py:188} INFO - [2025-12-06T19:22:43.415+0000] {dagbag.py:538} INFO - Filling up the DagBag from /opt/airflow/dags/pipeline-weather-data.py
[2025-12-06T19:22:43.874+0000] {logging_mixin.py:188} INFO - [2025-12-06T19:22:43.872+0000] {dagbag.py:348} ERROR - Failed to import: /opt/airflow/dags/pipeline-weather-data.py
Traceback (most recent call last):
  File "/home/airflow/.local/lib/python3.8/site-packages/airflow/models/dagbag.py", line 344, in parse
    loader.exec_module(new_module)
  File "<frozen importlib._bootstrap_external>", line 843, in exec_module
  File "<frozen importlib._bootstrap>", line 219, in _call_with_frames_removed
  File "/opt/airflow/dags/pipeline-weather-data.py", line 270, in <module>
    num_batches = int(Variable.get(f"{weather_data_type_extraction}_num_batches"))
  File "/home/airflow/.local/lib/python3.8/site-packages/airflow/models/variable.py", line 143, in get
    raise KeyError(f"Variable {key} does not exist")
KeyError: 'Variable actual_num_batches does not exist'
[2025-12-06T19:22:43.875+0000] {processor.py:842} WARNING - No viable dags retrieved from /opt/airflow/dags/pipeline-weather-data.py
[2025-12-06T19:22:43.885+0000] {processor.py:183} INFO - Processing /opt/airflow/dags/pipeline-weather-data.py took 0.479 seconds
[2025-12-06T19:23:14.085+0000] {processor.py:161} INFO - Started process (PID=446) to work on /opt/airflow/dags/pipeline-weather-data.py
[2025-12-06T19:23:14.086+0000] {processor.py:830} INFO - Processing file /opt/airflow/dags/pipeline-weather-data.py for tasks to queue
[2025-12-06T19:23:14.090+0000] {logging_mixin.py:188} INFO - [2025-12-06T19:23:14.089+0000] {dagbag.py:538} INFO - Filling up the DagBag from /opt/airflow/dags/pipeline-weather-data.py
[2025-12-06T19:23:14.495+0000] {logging_mixin.py:188} INFO - [2025-12-06T19:23:14.493+0000] {dagbag.py:348} ERROR - Failed to import: /opt/airflow/dags/pipeline-weather-data.py
Traceback (most recent call last):
  File "/home/airflow/.local/lib/python3.8/site-packages/airflow/models/dagbag.py", line 344, in parse
    loader.exec_module(new_module)
  File "<frozen importlib._bootstrap_external>", line 843, in exec_module
  File "<frozen importlib._bootstrap>", line 219, in _call_with_frames_removed
  File "/opt/airflow/dags/pipeline-weather-data.py", line 270, in <module>
    num_batches = int(Variable.get(f"{weather_data_type_extraction}_num_batches"))
  File "/home/airflow/.local/lib/python3.8/site-packages/airflow/models/variable.py", line 143, in get
    raise KeyError(f"Variable {key} does not exist")
KeyError: 'Variable actual_num_batches does not exist'
[2025-12-06T19:23:14.495+0000] {processor.py:842} WARNING - No viable dags retrieved from /opt/airflow/dags/pipeline-weather-data.py
[2025-12-06T19:23:14.506+0000] {processor.py:183} INFO - Processing /opt/airflow/dags/pipeline-weather-data.py took 0.425 seconds
[2025-12-06T19:23:44.702+0000] {processor.py:161} INFO - Started process (PID=454) to work on /opt/airflow/dags/pipeline-weather-data.py
[2025-12-06T19:23:44.703+0000] {processor.py:830} INFO - Processing file /opt/airflow/dags/pipeline-weather-data.py for tasks to queue
[2025-12-06T19:23:44.706+0000] {logging_mixin.py:188} INFO - [2025-12-06T19:23:44.706+0000] {dagbag.py:538} INFO - Filling up the DagBag from /opt/airflow/dags/pipeline-weather-data.py
[2025-12-06T19:23:45.134+0000] {logging_mixin.py:188} INFO - [2025-12-06T19:23:45.133+0000] {dagbag.py:348} ERROR - Failed to import: /opt/airflow/dags/pipeline-weather-data.py
Traceback (most recent call last):
  File "/home/airflow/.local/lib/python3.8/site-packages/airflow/models/dagbag.py", line 344, in parse
    loader.exec_module(new_module)
  File "<frozen importlib._bootstrap_external>", line 843, in exec_module
  File "<frozen importlib._bootstrap>", line 219, in _call_with_frames_removed
  File "/opt/airflow/dags/pipeline-weather-data.py", line 270, in <module>
    num_batches = int(Variable.get(f"{weather_data_type_extraction}_num_batches"))
  File "/home/airflow/.local/lib/python3.8/site-packages/airflow/models/variable.py", line 143, in get
    raise KeyError(f"Variable {key} does not exist")
KeyError: 'Variable actual_num_batches does not exist'
[2025-12-06T19:23:45.135+0000] {processor.py:842} WARNING - No viable dags retrieved from /opt/airflow/dags/pipeline-weather-data.py
[2025-12-06T19:23:45.145+0000] {processor.py:183} INFO - Processing /opt/airflow/dags/pipeline-weather-data.py took 0.448 seconds
[2025-12-06T19:24:15.343+0000] {processor.py:161} INFO - Started process (PID=462) to work on /opt/airflow/dags/pipeline-weather-data.py
[2025-12-06T19:24:15.344+0000] {processor.py:830} INFO - Processing file /opt/airflow/dags/pipeline-weather-data.py for tasks to queue
[2025-12-06T19:24:15.347+0000] {logging_mixin.py:188} INFO - [2025-12-06T19:24:15.347+0000] {dagbag.py:538} INFO - Filling up the DagBag from /opt/airflow/dags/pipeline-weather-data.py
[2025-12-06T19:24:15.886+0000] {logging_mixin.py:188} INFO - [2025-12-06T19:24:15.884+0000] {dagbag.py:348} ERROR - Failed to import: /opt/airflow/dags/pipeline-weather-data.py
Traceback (most recent call last):
  File "/home/airflow/.local/lib/python3.8/site-packages/airflow/models/dagbag.py", line 344, in parse
    loader.exec_module(new_module)
  File "<frozen importlib._bootstrap_external>", line 843, in exec_module
  File "<frozen importlib._bootstrap>", line 219, in _call_with_frames_removed
  File "/opt/airflow/dags/pipeline-weather-data.py", line 270, in <module>
    num_batches = int(Variable.get(f"{weather_data_type_extraction}_num_batches"))
  File "/home/airflow/.local/lib/python3.8/site-packages/airflow/models/variable.py", line 143, in get
    raise KeyError(f"Variable {key} does not exist")
KeyError: 'Variable actual_num_batches does not exist'
[2025-12-06T19:24:15.886+0000] {processor.py:842} WARNING - No viable dags retrieved from /opt/airflow/dags/pipeline-weather-data.py
[2025-12-06T19:24:15.906+0000] {processor.py:183} INFO - Processing /opt/airflow/dags/pipeline-weather-data.py took 0.567 seconds
[2025-12-06T19:24:46.094+0000] {processor.py:161} INFO - Started process (PID=470) to work on /opt/airflow/dags/pipeline-weather-data.py
[2025-12-06T19:24:46.095+0000] {processor.py:830} INFO - Processing file /opt/airflow/dags/pipeline-weather-data.py for tasks to queue
[2025-12-06T19:24:46.098+0000] {logging_mixin.py:188} INFO - [2025-12-06T19:24:46.098+0000] {dagbag.py:538} INFO - Filling up the DagBag from /opt/airflow/dags/pipeline-weather-data.py
[2025-12-06T19:24:46.518+0000] {logging_mixin.py:188} INFO - [2025-12-06T19:24:46.517+0000] {dagbag.py:348} ERROR - Failed to import: /opt/airflow/dags/pipeline-weather-data.py
Traceback (most recent call last):
  File "/home/airflow/.local/lib/python3.8/site-packages/airflow/models/dagbag.py", line 344, in parse
    loader.exec_module(new_module)
  File "<frozen importlib._bootstrap_external>", line 843, in exec_module
  File "<frozen importlib._bootstrap>", line 219, in _call_with_frames_removed
  File "/opt/airflow/dags/pipeline-weather-data.py", line 270, in <module>
    num_batches = int(Variable.get(f"{weather_data_type_extraction}_num_batches"))
  File "/home/airflow/.local/lib/python3.8/site-packages/airflow/models/variable.py", line 143, in get
    raise KeyError(f"Variable {key} does not exist")
KeyError: 'Variable actual_num_batches does not exist'
[2025-12-06T19:24:46.519+0000] {processor.py:842} WARNING - No viable dags retrieved from /opt/airflow/dags/pipeline-weather-data.py
[2025-12-06T19:24:46.527+0000] {processor.py:183} INFO - Processing /opt/airflow/dags/pipeline-weather-data.py took 0.437 seconds
[2025-12-06T19:25:16.753+0000] {processor.py:161} INFO - Started process (PID=478) to work on /opt/airflow/dags/pipeline-weather-data.py
[2025-12-06T19:25:16.754+0000] {processor.py:830} INFO - Processing file /opt/airflow/dags/pipeline-weather-data.py for tasks to queue
[2025-12-06T19:25:16.758+0000] {logging_mixin.py:188} INFO - [2025-12-06T19:25:16.757+0000] {dagbag.py:538} INFO - Filling up the DagBag from /opt/airflow/dags/pipeline-weather-data.py
[2025-12-06T19:25:17.241+0000] {logging_mixin.py:188} INFO - [2025-12-06T19:25:17.239+0000] {dagbag.py:348} ERROR - Failed to import: /opt/airflow/dags/pipeline-weather-data.py
Traceback (most recent call last):
  File "/home/airflow/.local/lib/python3.8/site-packages/airflow/models/dagbag.py", line 344, in parse
    loader.exec_module(new_module)
  File "<frozen importlib._bootstrap_external>", line 843, in exec_module
  File "<frozen importlib._bootstrap>", line 219, in _call_with_frames_removed
  File "/opt/airflow/dags/pipeline-weather-data.py", line 270, in <module>
    num_batches = int(Variable.get(f"{weather_data_type_extraction}_num_batches"))
  File "/home/airflow/.local/lib/python3.8/site-packages/airflow/models/variable.py", line 143, in get
    raise KeyError(f"Variable {key} does not exist")
KeyError: 'Variable actual_num_batches does not exist'
[2025-12-06T19:25:17.241+0000] {processor.py:842} WARNING - No viable dags retrieved from /opt/airflow/dags/pipeline-weather-data.py
[2025-12-06T19:25:17.251+0000] {processor.py:183} INFO - Processing /opt/airflow/dags/pipeline-weather-data.py took 0.504 seconds
[2025-12-06T19:25:47.453+0000] {processor.py:161} INFO - Started process (PID=486) to work on /opt/airflow/dags/pipeline-weather-data.py
[2025-12-06T19:25:47.454+0000] {processor.py:830} INFO - Processing file /opt/airflow/dags/pipeline-weather-data.py for tasks to queue
[2025-12-06T19:25:47.456+0000] {logging_mixin.py:188} INFO - [2025-12-06T19:25:47.456+0000] {dagbag.py:538} INFO - Filling up the DagBag from /opt/airflow/dags/pipeline-weather-data.py
[2025-12-06T19:25:47.891+0000] {logging_mixin.py:188} INFO - [2025-12-06T19:25:47.890+0000] {dagbag.py:348} ERROR - Failed to import: /opt/airflow/dags/pipeline-weather-data.py
Traceback (most recent call last):
  File "/home/airflow/.local/lib/python3.8/site-packages/airflow/models/dagbag.py", line 344, in parse
    loader.exec_module(new_module)
  File "<frozen importlib._bootstrap_external>", line 843, in exec_module
  File "<frozen importlib._bootstrap>", line 219, in _call_with_frames_removed
  File "/opt/airflow/dags/pipeline-weather-data.py", line 270, in <module>
    num_batches = int(Variable.get(f"{weather_data_type_extraction}_num_batches"))
  File "/home/airflow/.local/lib/python3.8/site-packages/airflow/models/variable.py", line 143, in get
    raise KeyError(f"Variable {key} does not exist")
KeyError: 'Variable actual_num_batches does not exist'
[2025-12-06T19:25:47.892+0000] {processor.py:842} WARNING - No viable dags retrieved from /opt/airflow/dags/pipeline-weather-data.py
[2025-12-06T19:25:47.903+0000] {processor.py:183} INFO - Processing /opt/airflow/dags/pipeline-weather-data.py took 0.454 seconds
[2025-12-06T19:26:18.129+0000] {processor.py:161} INFO - Started process (PID=494) to work on /opt/airflow/dags/pipeline-weather-data.py
[2025-12-06T19:26:18.130+0000] {processor.py:830} INFO - Processing file /opt/airflow/dags/pipeline-weather-data.py for tasks to queue
[2025-12-06T19:26:18.133+0000] {logging_mixin.py:188} INFO - [2025-12-06T19:26:18.132+0000] {dagbag.py:538} INFO - Filling up the DagBag from /opt/airflow/dags/pipeline-weather-data.py
[2025-12-06T19:26:18.629+0000] {logging_mixin.py:188} INFO - [2025-12-06T19:26:18.627+0000] {dagbag.py:348} ERROR - Failed to import: /opt/airflow/dags/pipeline-weather-data.py
Traceback (most recent call last):
  File "/home/airflow/.local/lib/python3.8/site-packages/airflow/models/dagbag.py", line 344, in parse
    loader.exec_module(new_module)
  File "<frozen importlib._bootstrap_external>", line 843, in exec_module
  File "<frozen importlib._bootstrap>", line 219, in _call_with_frames_removed
  File "/opt/airflow/dags/pipeline-weather-data.py", line 270, in <module>
    num_batches = int(Variable.get(f"{weather_data_type_extraction}_num_batches"))
  File "/home/airflow/.local/lib/python3.8/site-packages/airflow/models/variable.py", line 143, in get
    raise KeyError(f"Variable {key} does not exist")
KeyError: 'Variable actual_num_batches does not exist'
[2025-12-06T19:26:18.629+0000] {processor.py:842} WARNING - No viable dags retrieved from /opt/airflow/dags/pipeline-weather-data.py
[2025-12-06T19:26:18.641+0000] {processor.py:183} INFO - Processing /opt/airflow/dags/pipeline-weather-data.py took 0.517 seconds
[2025-12-06T19:26:48.846+0000] {processor.py:161} INFO - Started process (PID=502) to work on /opt/airflow/dags/pipeline-weather-data.py
[2025-12-06T19:26:48.847+0000] {processor.py:830} INFO - Processing file /opt/airflow/dags/pipeline-weather-data.py for tasks to queue
[2025-12-06T19:26:48.850+0000] {logging_mixin.py:188} INFO - [2025-12-06T19:26:48.850+0000] {dagbag.py:538} INFO - Filling up the DagBag from /opt/airflow/dags/pipeline-weather-data.py
[2025-12-06T19:26:49.279+0000] {logging_mixin.py:188} INFO - [2025-12-06T19:26:49.277+0000] {dagbag.py:348} ERROR - Failed to import: /opt/airflow/dags/pipeline-weather-data.py
Traceback (most recent call last):
  File "/home/airflow/.local/lib/python3.8/site-packages/airflow/models/dagbag.py", line 344, in parse
    loader.exec_module(new_module)
  File "<frozen importlib._bootstrap_external>", line 843, in exec_module
  File "<frozen importlib._bootstrap>", line 219, in _call_with_frames_removed
  File "/opt/airflow/dags/pipeline-weather-data.py", line 270, in <module>
    num_batches = int(Variable.get(f"{weather_data_type_extraction}_num_batches"))
  File "/home/airflow/.local/lib/python3.8/site-packages/airflow/models/variable.py", line 143, in get
    raise KeyError(f"Variable {key} does not exist")
KeyError: 'Variable actual_num_batches does not exist'
[2025-12-06T19:26:49.280+0000] {processor.py:842} WARNING - No viable dags retrieved from /opt/airflow/dags/pipeline-weather-data.py
[2025-12-06T19:26:49.289+0000] {processor.py:183} INFO - Processing /opt/airflow/dags/pipeline-weather-data.py took 0.448 seconds
[2025-12-06T19:27:19.489+0000] {processor.py:161} INFO - Started process (PID=510) to work on /opt/airflow/dags/pipeline-weather-data.py
[2025-12-06T19:27:19.490+0000] {processor.py:830} INFO - Processing file /opt/airflow/dags/pipeline-weather-data.py for tasks to queue
[2025-12-06T19:27:19.493+0000] {logging_mixin.py:188} INFO - [2025-12-06T19:27:19.492+0000] {dagbag.py:538} INFO - Filling up the DagBag from /opt/airflow/dags/pipeline-weather-data.py
[2025-12-06T19:27:19.960+0000] {logging_mixin.py:188} INFO - [2025-12-06T19:27:19.959+0000] {dagbag.py:348} ERROR - Failed to import: /opt/airflow/dags/pipeline-weather-data.py
Traceback (most recent call last):
  File "/home/airflow/.local/lib/python3.8/site-packages/airflow/models/dagbag.py", line 344, in parse
    loader.exec_module(new_module)
  File "<frozen importlib._bootstrap_external>", line 843, in exec_module
  File "<frozen importlib._bootstrap>", line 219, in _call_with_frames_removed
  File "/opt/airflow/dags/pipeline-weather-data.py", line 270, in <module>
    num_batches = int(Variable.get(f"{weather_data_type_extraction}_num_batches"))
  File "/home/airflow/.local/lib/python3.8/site-packages/airflow/models/variable.py", line 143, in get
    raise KeyError(f"Variable {key} does not exist")
KeyError: 'Variable actual_num_batches does not exist'
[2025-12-06T19:27:19.961+0000] {processor.py:842} WARNING - No viable dags retrieved from /opt/airflow/dags/pipeline-weather-data.py
[2025-12-06T19:27:19.974+0000] {processor.py:183} INFO - Processing /opt/airflow/dags/pipeline-weather-data.py took 0.490 seconds
[2025-12-06T19:27:50.178+0000] {processor.py:161} INFO - Started process (PID=518) to work on /opt/airflow/dags/pipeline-weather-data.py
[2025-12-06T19:27:50.179+0000] {processor.py:830} INFO - Processing file /opt/airflow/dags/pipeline-weather-data.py for tasks to queue
[2025-12-06T19:27:50.182+0000] {logging_mixin.py:188} INFO - [2025-12-06T19:27:50.182+0000] {dagbag.py:538} INFO - Filling up the DagBag from /opt/airflow/dags/pipeline-weather-data.py
[2025-12-06T19:27:50.579+0000] {logging_mixin.py:188} INFO - [2025-12-06T19:27:50.577+0000] {dagbag.py:348} ERROR - Failed to import: /opt/airflow/dags/pipeline-weather-data.py
Traceback (most recent call last):
  File "/home/airflow/.local/lib/python3.8/site-packages/airflow/models/dagbag.py", line 344, in parse
    loader.exec_module(new_module)
  File "<frozen importlib._bootstrap_external>", line 843, in exec_module
  File "<frozen importlib._bootstrap>", line 219, in _call_with_frames_removed
  File "/opt/airflow/dags/pipeline-weather-data.py", line 270, in <module>
    num_batches = int(Variable.get(f"{weather_data_type_extraction}_num_batches"))
  File "/home/airflow/.local/lib/python3.8/site-packages/airflow/models/variable.py", line 143, in get
    raise KeyError(f"Variable {key} does not exist")
KeyError: 'Variable actual_num_batches does not exist'
[2025-12-06T19:27:50.579+0000] {processor.py:842} WARNING - No viable dags retrieved from /opt/airflow/dags/pipeline-weather-data.py
[2025-12-06T19:27:50.589+0000] {processor.py:183} INFO - Processing /opt/airflow/dags/pipeline-weather-data.py took 0.416 seconds
[2025-12-06T19:28:20.787+0000] {processor.py:161} INFO - Started process (PID=526) to work on /opt/airflow/dags/pipeline-weather-data.py
[2025-12-06T19:28:20.789+0000] {processor.py:830} INFO - Processing file /opt/airflow/dags/pipeline-weather-data.py for tasks to queue
[2025-12-06T19:28:20.792+0000] {logging_mixin.py:188} INFO - [2025-12-06T19:28:20.791+0000] {dagbag.py:538} INFO - Filling up the DagBag from /opt/airflow/dags/pipeline-weather-data.py
[2025-12-06T19:28:21.233+0000] {logging_mixin.py:188} INFO - [2025-12-06T19:28:21.231+0000] {dagbag.py:348} ERROR - Failed to import: /opt/airflow/dags/pipeline-weather-data.py
Traceback (most recent call last):
  File "/home/airflow/.local/lib/python3.8/site-packages/airflow/models/dagbag.py", line 344, in parse
    loader.exec_module(new_module)
  File "<frozen importlib._bootstrap_external>", line 843, in exec_module
  File "<frozen importlib._bootstrap>", line 219, in _call_with_frames_removed
  File "/opt/airflow/dags/pipeline-weather-data.py", line 270, in <module>
    num_batches = int(Variable.get(f"{weather_data_type_extraction}_num_batches"))
  File "/home/airflow/.local/lib/python3.8/site-packages/airflow/models/variable.py", line 143, in get
    raise KeyError(f"Variable {key} does not exist")
KeyError: 'Variable actual_num_batches does not exist'
[2025-12-06T19:28:21.233+0000] {processor.py:842} WARNING - No viable dags retrieved from /opt/airflow/dags/pipeline-weather-data.py
[2025-12-06T19:28:21.244+0000] {processor.py:183} INFO - Processing /opt/airflow/dags/pipeline-weather-data.py took 0.461 seconds
[2025-12-06T19:28:51.437+0000] {processor.py:161} INFO - Started process (PID=534) to work on /opt/airflow/dags/pipeline-weather-data.py
[2025-12-06T19:28:51.441+0000] {processor.py:830} INFO - Processing file /opt/airflow/dags/pipeline-weather-data.py for tasks to queue
[2025-12-06T19:28:51.443+0000] {logging_mixin.py:188} INFO - [2025-12-06T19:28:51.443+0000] {dagbag.py:538} INFO - Filling up the DagBag from /opt/airflow/dags/pipeline-weather-data.py
[2025-12-06T19:28:51.892+0000] {logging_mixin.py:188} INFO - [2025-12-06T19:28:51.891+0000] {dagbag.py:348} ERROR - Failed to import: /opt/airflow/dags/pipeline-weather-data.py
Traceback (most recent call last):
  File "/home/airflow/.local/lib/python3.8/site-packages/airflow/models/dagbag.py", line 344, in parse
    loader.exec_module(new_module)
  File "<frozen importlib._bootstrap_external>", line 843, in exec_module
  File "<frozen importlib._bootstrap>", line 219, in _call_with_frames_removed
  File "/opt/airflow/dags/pipeline-weather-data.py", line 270, in <module>
    num_batches = int(Variable.get(f"{weather_data_type_extraction}_num_batches"))
  File "/home/airflow/.local/lib/python3.8/site-packages/airflow/models/variable.py", line 143, in get
    raise KeyError(f"Variable {key} does not exist")
KeyError: 'Variable actual_num_batches does not exist'
[2025-12-06T19:28:51.893+0000] {processor.py:842} WARNING - No viable dags retrieved from /opt/airflow/dags/pipeline-weather-data.py
[2025-12-06T19:28:51.905+0000] {processor.py:183} INFO - Processing /opt/airflow/dags/pipeline-weather-data.py took 0.472 seconds
[2025-12-06T19:29:22.130+0000] {processor.py:161} INFO - Started process (PID=542) to work on /opt/airflow/dags/pipeline-weather-data.py
[2025-12-06T19:29:22.132+0000] {processor.py:830} INFO - Processing file /opt/airflow/dags/pipeline-weather-data.py for tasks to queue
[2025-12-06T19:29:22.135+0000] {logging_mixin.py:188} INFO - [2025-12-06T19:29:22.135+0000] {dagbag.py:538} INFO - Filling up the DagBag from /opt/airflow/dags/pipeline-weather-data.py
[2025-12-06T19:29:22.638+0000] {logging_mixin.py:188} INFO - [2025-12-06T19:29:22.636+0000] {dagbag.py:348} ERROR - Failed to import: /opt/airflow/dags/pipeline-weather-data.py
Traceback (most recent call last):
  File "/home/airflow/.local/lib/python3.8/site-packages/airflow/models/dagbag.py", line 344, in parse
    loader.exec_module(new_module)
  File "<frozen importlib._bootstrap_external>", line 843, in exec_module
  File "<frozen importlib._bootstrap>", line 219, in _call_with_frames_removed
  File "/opt/airflow/dags/pipeline-weather-data.py", line 270, in <module>
    num_batches = int(Variable.get(f"{weather_data_type_extraction}_num_batches"))
  File "/home/airflow/.local/lib/python3.8/site-packages/airflow/models/variable.py", line 143, in get
    raise KeyError(f"Variable {key} does not exist")
KeyError: 'Variable actual_num_batches does not exist'
[2025-12-06T19:29:22.639+0000] {processor.py:842} WARNING - No viable dags retrieved from /opt/airflow/dags/pipeline-weather-data.py
[2025-12-06T19:29:22.649+0000] {processor.py:183} INFO - Processing /opt/airflow/dags/pipeline-weather-data.py took 0.524 seconds
[2025-12-06T19:29:52.816+0000] {processor.py:161} INFO - Started process (PID=550) to work on /opt/airflow/dags/pipeline-weather-data.py
[2025-12-06T19:29:52.817+0000] {processor.py:830} INFO - Processing file /opt/airflow/dags/pipeline-weather-data.py for tasks to queue
[2025-12-06T19:29:52.820+0000] {logging_mixin.py:188} INFO - [2025-12-06T19:29:52.820+0000] {dagbag.py:538} INFO - Filling up the DagBag from /opt/airflow/dags/pipeline-weather-data.py
[2025-12-06T19:29:53.337+0000] {logging_mixin.py:188} INFO - [2025-12-06T19:29:53.335+0000] {dagbag.py:348} ERROR - Failed to import: /opt/airflow/dags/pipeline-weather-data.py
Traceback (most recent call last):
  File "/home/airflow/.local/lib/python3.8/site-packages/airflow/models/dagbag.py", line 344, in parse
    loader.exec_module(new_module)
  File "<frozen importlib._bootstrap_external>", line 843, in exec_module
  File "<frozen importlib._bootstrap>", line 219, in _call_with_frames_removed
  File "/opt/airflow/dags/pipeline-weather-data.py", line 270, in <module>
    num_batches = int(Variable.get(f"{weather_data_type_extraction}_num_batches"))
  File "/home/airflow/.local/lib/python3.8/site-packages/airflow/models/variable.py", line 143, in get
    raise KeyError(f"Variable {key} does not exist")
KeyError: 'Variable actual_num_batches does not exist'
[2025-12-06T19:29:53.338+0000] {processor.py:842} WARNING - No viable dags retrieved from /opt/airflow/dags/pipeline-weather-data.py
[2025-12-06T19:29:53.348+0000] {processor.py:183} INFO - Processing /opt/airflow/dags/pipeline-weather-data.py took 0.536 seconds
[2025-12-06T19:30:23.547+0000] {processor.py:161} INFO - Started process (PID=558) to work on /opt/airflow/dags/pipeline-weather-data.py
[2025-12-06T19:30:23.548+0000] {processor.py:830} INFO - Processing file /opt/airflow/dags/pipeline-weather-data.py for tasks to queue
[2025-12-06T19:30:23.551+0000] {logging_mixin.py:188} INFO - [2025-12-06T19:30:23.551+0000] {dagbag.py:538} INFO - Filling up the DagBag from /opt/airflow/dags/pipeline-weather-data.py
[2025-12-06T19:30:23.949+0000] {logging_mixin.py:188} INFO - [2025-12-06T19:30:23.948+0000] {dagbag.py:348} ERROR - Failed to import: /opt/airflow/dags/pipeline-weather-data.py
Traceback (most recent call last):
  File "/home/airflow/.local/lib/python3.8/site-packages/airflow/models/dagbag.py", line 344, in parse
    loader.exec_module(new_module)
  File "<frozen importlib._bootstrap_external>", line 843, in exec_module
  File "<frozen importlib._bootstrap>", line 219, in _call_with_frames_removed
  File "/opt/airflow/dags/pipeline-weather-data.py", line 270, in <module>
    num_batches = int(Variable.get(f"{weather_data_type_extraction}_num_batches"))
  File "/home/airflow/.local/lib/python3.8/site-packages/airflow/models/variable.py", line 143, in get
    raise KeyError(f"Variable {key} does not exist")
KeyError: 'Variable actual_num_batches does not exist'
[2025-12-06T19:30:23.950+0000] {processor.py:842} WARNING - No viable dags retrieved from /opt/airflow/dags/pipeline-weather-data.py
[2025-12-06T19:30:23.958+0000] {processor.py:183} INFO - Processing /opt/airflow/dags/pipeline-weather-data.py took 0.416 seconds
[2025-12-06T19:30:54.152+0000] {processor.py:161} INFO - Started process (PID=566) to work on /opt/airflow/dags/pipeline-weather-data.py
[2025-12-06T19:30:54.154+0000] {processor.py:830} INFO - Processing file /opt/airflow/dags/pipeline-weather-data.py for tasks to queue
[2025-12-06T19:30:54.166+0000] {logging_mixin.py:188} INFO - [2025-12-06T19:30:54.165+0000] {dagbag.py:538} INFO - Filling up the DagBag from /opt/airflow/dags/pipeline-weather-data.py
[2025-12-06T19:30:54.638+0000] {logging_mixin.py:188} INFO - [2025-12-06T19:30:54.636+0000] {dagbag.py:348} ERROR - Failed to import: /opt/airflow/dags/pipeline-weather-data.py
Traceback (most recent call last):
  File "/home/airflow/.local/lib/python3.8/site-packages/airflow/models/dagbag.py", line 344, in parse
    loader.exec_module(new_module)
  File "<frozen importlib._bootstrap_external>", line 843, in exec_module
  File "<frozen importlib._bootstrap>", line 219, in _call_with_frames_removed
  File "/opt/airflow/dags/pipeline-weather-data.py", line 270, in <module>
    num_batches = int(Variable.get(f"{weather_data_type_extraction}_num_batches"))
  File "/home/airflow/.local/lib/python3.8/site-packages/airflow/models/variable.py", line 143, in get
    raise KeyError(f"Variable {key} does not exist")
KeyError: 'Variable actual_num_batches does not exist'
[2025-12-06T19:30:54.638+0000] {processor.py:842} WARNING - No viable dags retrieved from /opt/airflow/dags/pipeline-weather-data.py
[2025-12-06T19:30:54.652+0000] {processor.py:183} INFO - Processing /opt/airflow/dags/pipeline-weather-data.py took 0.505 seconds
[2025-12-06T19:31:24.859+0000] {processor.py:161} INFO - Started process (PID=574) to work on /opt/airflow/dags/pipeline-weather-data.py
[2025-12-06T19:31:24.860+0000] {processor.py:830} INFO - Processing file /opt/airflow/dags/pipeline-weather-data.py for tasks to queue
[2025-12-06T19:31:24.863+0000] {logging_mixin.py:188} INFO - [2025-12-06T19:31:24.863+0000] {dagbag.py:538} INFO - Filling up the DagBag from /opt/airflow/dags/pipeline-weather-data.py
[2025-12-06T19:31:25.306+0000] {logging_mixin.py:188} INFO - [2025-12-06T19:31:25.305+0000] {dagbag.py:348} ERROR - Failed to import: /opt/airflow/dags/pipeline-weather-data.py
Traceback (most recent call last):
  File "/home/airflow/.local/lib/python3.8/site-packages/airflow/models/dagbag.py", line 344, in parse
    loader.exec_module(new_module)
  File "<frozen importlib._bootstrap_external>", line 843, in exec_module
  File "<frozen importlib._bootstrap>", line 219, in _call_with_frames_removed
  File "/opt/airflow/dags/pipeline-weather-data.py", line 270, in <module>
    num_batches = int(Variable.get(f"{weather_data_type_extraction}_num_batches"))
  File "/home/airflow/.local/lib/python3.8/site-packages/airflow/models/variable.py", line 143, in get
    raise KeyError(f"Variable {key} does not exist")
KeyError: 'Variable actual_num_batches does not exist'
[2025-12-06T19:31:25.307+0000] {processor.py:842} WARNING - No viable dags retrieved from /opt/airflow/dags/pipeline-weather-data.py
[2025-12-06T19:31:25.317+0000] {processor.py:183} INFO - Processing /opt/airflow/dags/pipeline-weather-data.py took 0.463 seconds
[2025-12-06T19:31:55.523+0000] {processor.py:161} INFO - Started process (PID=582) to work on /opt/airflow/dags/pipeline-weather-data.py
[2025-12-06T19:31:55.524+0000] {processor.py:830} INFO - Processing file /opt/airflow/dags/pipeline-weather-data.py for tasks to queue
[2025-12-06T19:31:55.527+0000] {logging_mixin.py:188} INFO - [2025-12-06T19:31:55.527+0000] {dagbag.py:538} INFO - Filling up the DagBag from /opt/airflow/dags/pipeline-weather-data.py
[2025-12-06T19:31:55.944+0000] {logging_mixin.py:188} INFO - [2025-12-06T19:31:55.943+0000] {dagbag.py:348} ERROR - Failed to import: /opt/airflow/dags/pipeline-weather-data.py
Traceback (most recent call last):
  File "/home/airflow/.local/lib/python3.8/site-packages/airflow/models/dagbag.py", line 344, in parse
    loader.exec_module(new_module)
  File "<frozen importlib._bootstrap_external>", line 843, in exec_module
  File "<frozen importlib._bootstrap>", line 219, in _call_with_frames_removed
  File "/opt/airflow/dags/pipeline-weather-data.py", line 270, in <module>
    num_batches = int(Variable.get(f"{weather_data_type_extraction}_num_batches"))
  File "/home/airflow/.local/lib/python3.8/site-packages/airflow/models/variable.py", line 143, in get
    raise KeyError(f"Variable {key} does not exist")
KeyError: 'Variable actual_num_batches does not exist'
[2025-12-06T19:31:55.945+0000] {processor.py:842} WARNING - No viable dags retrieved from /opt/airflow/dags/pipeline-weather-data.py
[2025-12-06T19:31:55.953+0000] {processor.py:183} INFO - Processing /opt/airflow/dags/pipeline-weather-data.py took 0.435 seconds
[2025-12-06T19:32:26.201+0000] {processor.py:161} INFO - Started process (PID=590) to work on /opt/airflow/dags/pipeline-weather-data.py
[2025-12-06T19:32:26.202+0000] {processor.py:830} INFO - Processing file /opt/airflow/dags/pipeline-weather-data.py for tasks to queue
[2025-12-06T19:32:26.206+0000] {logging_mixin.py:188} INFO - [2025-12-06T19:32:26.205+0000] {dagbag.py:538} INFO - Filling up the DagBag from /opt/airflow/dags/pipeline-weather-data.py
[2025-12-06T19:32:26.667+0000] {logging_mixin.py:188} INFO - [2025-12-06T19:32:26.665+0000] {dagbag.py:348} ERROR - Failed to import: /opt/airflow/dags/pipeline-weather-data.py
Traceback (most recent call last):
  File "/home/airflow/.local/lib/python3.8/site-packages/airflow/models/dagbag.py", line 344, in parse
    loader.exec_module(new_module)
  File "<frozen importlib._bootstrap_external>", line 843, in exec_module
  File "<frozen importlib._bootstrap>", line 219, in _call_with_frames_removed
  File "/opt/airflow/dags/pipeline-weather-data.py", line 270, in <module>
    num_batches = int(Variable.get(f"{weather_data_type_extraction}_num_batches"))
  File "/home/airflow/.local/lib/python3.8/site-packages/airflow/models/variable.py", line 143, in get
    raise KeyError(f"Variable {key} does not exist")
KeyError: 'Variable actual_num_batches does not exist'
[2025-12-06T19:32:26.667+0000] {processor.py:842} WARNING - No viable dags retrieved from /opt/airflow/dags/pipeline-weather-data.py
[2025-12-06T19:32:26.678+0000] {processor.py:183} INFO - Processing /opt/airflow/dags/pipeline-weather-data.py took 0.481 seconds
[2025-12-06T19:32:56.898+0000] {processor.py:161} INFO - Started process (PID=598) to work on /opt/airflow/dags/pipeline-weather-data.py
[2025-12-06T19:32:56.899+0000] {processor.py:830} INFO - Processing file /opt/airflow/dags/pipeline-weather-data.py for tasks to queue
[2025-12-06T19:32:56.902+0000] {logging_mixin.py:188} INFO - [2025-12-06T19:32:56.902+0000] {dagbag.py:538} INFO - Filling up the DagBag from /opt/airflow/dags/pipeline-weather-data.py
[2025-12-06T19:32:57.340+0000] {logging_mixin.py:188} INFO - [2025-12-06T19:32:57.339+0000] {dagbag.py:348} ERROR - Failed to import: /opt/airflow/dags/pipeline-weather-data.py
Traceback (most recent call last):
  File "/home/airflow/.local/lib/python3.8/site-packages/airflow/models/dagbag.py", line 344, in parse
    loader.exec_module(new_module)
  File "<frozen importlib._bootstrap_external>", line 843, in exec_module
  File "<frozen importlib._bootstrap>", line 219, in _call_with_frames_removed
  File "/opt/airflow/dags/pipeline-weather-data.py", line 270, in <module>
    num_batches = int(Variable.get(f"{weather_data_type_extraction}_num_batches"))
  File "/home/airflow/.local/lib/python3.8/site-packages/airflow/models/variable.py", line 143, in get
    raise KeyError(f"Variable {key} does not exist")
KeyError: 'Variable actual_num_batches does not exist'
[2025-12-06T19:32:57.341+0000] {processor.py:842} WARNING - No viable dags retrieved from /opt/airflow/dags/pipeline-weather-data.py
[2025-12-06T19:32:57.351+0000] {processor.py:183} INFO - Processing /opt/airflow/dags/pipeline-weather-data.py took 0.457 seconds
[2025-12-06T19:33:27.552+0000] {processor.py:161} INFO - Started process (PID=605) to work on /opt/airflow/dags/pipeline-weather-data.py
[2025-12-06T19:33:27.553+0000] {processor.py:830} INFO - Processing file /opt/airflow/dags/pipeline-weather-data.py for tasks to queue
[2025-12-06T19:33:27.557+0000] {logging_mixin.py:188} INFO - [2025-12-06T19:33:27.557+0000] {dagbag.py:538} INFO - Filling up the DagBag from /opt/airflow/dags/pipeline-weather-data.py
[2025-12-06T19:33:28.112+0000] {logging_mixin.py:188} INFO - [2025-12-06T19:33:28.110+0000] {dagbag.py:348} ERROR - Failed to import: /opt/airflow/dags/pipeline-weather-data.py
Traceback (most recent call last):
  File "/home/airflow/.local/lib/python3.8/site-packages/airflow/models/dagbag.py", line 344, in parse
    loader.exec_module(new_module)
  File "<frozen importlib._bootstrap_external>", line 843, in exec_module
  File "<frozen importlib._bootstrap>", line 219, in _call_with_frames_removed
  File "/opt/airflow/dags/pipeline-weather-data.py", line 270, in <module>
    num_batches = int(Variable.get(f"{weather_data_type_extraction}_num_batches"))
  File "/home/airflow/.local/lib/python3.8/site-packages/airflow/models/variable.py", line 143, in get
    raise KeyError(f"Variable {key} does not exist")
KeyError: 'Variable actual_num_batches does not exist'
[2025-12-06T19:33:28.113+0000] {processor.py:842} WARNING - No viable dags retrieved from /opt/airflow/dags/pipeline-weather-data.py
[2025-12-06T19:33:28.123+0000] {processor.py:183} INFO - Processing /opt/airflow/dags/pipeline-weather-data.py took 0.576 seconds
[2025-12-06T19:33:58.285+0000] {processor.py:161} INFO - Started process (PID=613) to work on /opt/airflow/dags/pipeline-weather-data.py
[2025-12-06T19:33:58.287+0000] {processor.py:830} INFO - Processing file /opt/airflow/dags/pipeline-weather-data.py for tasks to queue
[2025-12-06T19:33:58.293+0000] {logging_mixin.py:188} INFO - [2025-12-06T19:33:58.292+0000] {dagbag.py:538} INFO - Filling up the DagBag from /opt/airflow/dags/pipeline-weather-data.py
[2025-12-06T19:33:58.913+0000] {logging_mixin.py:188} INFO - [2025-12-06T19:33:58.910+0000] {dagbag.py:348} ERROR - Failed to import: /opt/airflow/dags/pipeline-weather-data.py
Traceback (most recent call last):
  File "/home/airflow/.local/lib/python3.8/site-packages/airflow/models/dagbag.py", line 344, in parse
    loader.exec_module(new_module)
  File "<frozen importlib._bootstrap_external>", line 843, in exec_module
  File "<frozen importlib._bootstrap>", line 219, in _call_with_frames_removed
  File "/opt/airflow/dags/pipeline-weather-data.py", line 270, in <module>
    num_batches = int(Variable.get(f"{weather_data_type_extraction}_num_batches"))
  File "/home/airflow/.local/lib/python3.8/site-packages/airflow/models/variable.py", line 143, in get
    raise KeyError(f"Variable {key} does not exist")
KeyError: 'Variable actual_num_batches does not exist'
[2025-12-06T19:33:58.914+0000] {processor.py:842} WARNING - No viable dags retrieved from /opt/airflow/dags/pipeline-weather-data.py
[2025-12-06T19:33:58.927+0000] {processor.py:183} INFO - Processing /opt/airflow/dags/pipeline-weather-data.py took 0.647 seconds
[2025-12-06T19:34:29.356+0000] {processor.py:161} INFO - Started process (PID=621) to work on /opt/airflow/dags/pipeline-weather-data.py
[2025-12-06T19:34:29.358+0000] {processor.py:830} INFO - Processing file /opt/airflow/dags/pipeline-weather-data.py for tasks to queue
[2025-12-06T19:34:29.363+0000] {logging_mixin.py:188} INFO - [2025-12-06T19:34:29.362+0000] {dagbag.py:538} INFO - Filling up the DagBag from /opt/airflow/dags/pipeline-weather-data.py
[2025-12-06T19:34:29.970+0000] {logging_mixin.py:188} INFO - [2025-12-06T19:34:29.968+0000] {dagbag.py:348} ERROR - Failed to import: /opt/airflow/dags/pipeline-weather-data.py
Traceback (most recent call last):
  File "/home/airflow/.local/lib/python3.8/site-packages/airflow/models/dagbag.py", line 344, in parse
    loader.exec_module(new_module)
  File "<frozen importlib._bootstrap_external>", line 843, in exec_module
  File "<frozen importlib._bootstrap>", line 219, in _call_with_frames_removed
  File "/opt/airflow/dags/pipeline-weather-data.py", line 270, in <module>
    num_batches = int(Variable.get(f"{weather_data_type_extraction}_num_batches"))
  File "/home/airflow/.local/lib/python3.8/site-packages/airflow/models/variable.py", line 143, in get
    raise KeyError(f"Variable {key} does not exist")
KeyError: 'Variable actual_num_batches does not exist'
[2025-12-06T19:34:29.971+0000] {processor.py:842} WARNING - No viable dags retrieved from /opt/airflow/dags/pipeline-weather-data.py
[2025-12-06T19:34:29.988+0000] {processor.py:183} INFO - Processing /opt/airflow/dags/pipeline-weather-data.py took 0.637 seconds
[2025-12-06T19:35:00.242+0000] {processor.py:161} INFO - Started process (PID=629) to work on /opt/airflow/dags/pipeline-weather-data.py
[2025-12-06T19:35:00.243+0000] {processor.py:830} INFO - Processing file /opt/airflow/dags/pipeline-weather-data.py for tasks to queue
[2025-12-06T19:35:00.246+0000] {logging_mixin.py:188} INFO - [2025-12-06T19:35:00.246+0000] {dagbag.py:538} INFO - Filling up the DagBag from /opt/airflow/dags/pipeline-weather-data.py
[2025-12-06T19:35:00.694+0000] {logging_mixin.py:188} INFO - [2025-12-06T19:35:00.692+0000] {dagbag.py:348} ERROR - Failed to import: /opt/airflow/dags/pipeline-weather-data.py
Traceback (most recent call last):
  File "/home/airflow/.local/lib/python3.8/site-packages/airflow/models/dagbag.py", line 344, in parse
    loader.exec_module(new_module)
  File "<frozen importlib._bootstrap_external>", line 843, in exec_module
  File "<frozen importlib._bootstrap>", line 219, in _call_with_frames_removed
  File "/opt/airflow/dags/pipeline-weather-data.py", line 270, in <module>
    num_batches = int(Variable.get(f"{weather_data_type_extraction}_num_batches"))
  File "/home/airflow/.local/lib/python3.8/site-packages/airflow/models/variable.py", line 143, in get
    raise KeyError(f"Variable {key} does not exist")
KeyError: 'Variable actual_num_batches does not exist'
[2025-12-06T19:35:00.694+0000] {processor.py:842} WARNING - No viable dags retrieved from /opt/airflow/dags/pipeline-weather-data.py
[2025-12-06T19:35:00.704+0000] {processor.py:183} INFO - Processing /opt/airflow/dags/pipeline-weather-data.py took 0.467 seconds
[2025-12-06T19:35:30.831+0000] {processor.py:161} INFO - Started process (PID=637) to work on /opt/airflow/dags/pipeline-weather-data.py
[2025-12-06T19:35:30.832+0000] {processor.py:830} INFO - Processing file /opt/airflow/dags/pipeline-weather-data.py for tasks to queue
[2025-12-06T19:35:30.835+0000] {logging_mixin.py:188} INFO - [2025-12-06T19:35:30.835+0000] {dagbag.py:538} INFO - Filling up the DagBag from /opt/airflow/dags/pipeline-weather-data.py
[2025-12-06T19:35:31.378+0000] {logging_mixin.py:188} INFO - [2025-12-06T19:35:31.376+0000] {dagbag.py:348} ERROR - Failed to import: /opt/airflow/dags/pipeline-weather-data.py
Traceback (most recent call last):
  File "/home/airflow/.local/lib/python3.8/site-packages/airflow/models/dagbag.py", line 344, in parse
    loader.exec_module(new_module)
  File "<frozen importlib._bootstrap_external>", line 843, in exec_module
  File "<frozen importlib._bootstrap>", line 219, in _call_with_frames_removed
  File "/opt/airflow/dags/pipeline-weather-data.py", line 270, in <module>
    num_batches = int(Variable.get(f"{weather_data_type_extraction}_num_batches"))
  File "/home/airflow/.local/lib/python3.8/site-packages/airflow/models/variable.py", line 143, in get
    raise KeyError(f"Variable {key} does not exist")
KeyError: 'Variable actual_num_batches does not exist'
[2025-12-06T19:35:31.379+0000] {processor.py:842} WARNING - No viable dags retrieved from /opt/airflow/dags/pipeline-weather-data.py
[2025-12-06T19:35:31.391+0000] {processor.py:183} INFO - Processing /opt/airflow/dags/pipeline-weather-data.py took 0.566 seconds
[2025-12-06T19:36:01.596+0000] {processor.py:161} INFO - Started process (PID=645) to work on /opt/airflow/dags/pipeline-weather-data.py
[2025-12-06T19:36:01.597+0000] {processor.py:830} INFO - Processing file /opt/airflow/dags/pipeline-weather-data.py for tasks to queue
[2025-12-06T19:36:01.600+0000] {logging_mixin.py:188} INFO - [2025-12-06T19:36:01.599+0000] {dagbag.py:538} INFO - Filling up the DagBag from /opt/airflow/dags/pipeline-weather-data.py
[2025-12-06T19:36:02.063+0000] {logging_mixin.py:188} INFO - [2025-12-06T19:36:02.060+0000] {dagbag.py:348} ERROR - Failed to import: /opt/airflow/dags/pipeline-weather-data.py
Traceback (most recent call last):
  File "/home/airflow/.local/lib/python3.8/site-packages/airflow/models/dagbag.py", line 344, in parse
    loader.exec_module(new_module)
  File "<frozen importlib._bootstrap_external>", line 843, in exec_module
  File "<frozen importlib._bootstrap>", line 219, in _call_with_frames_removed
  File "/opt/airflow/dags/pipeline-weather-data.py", line 270, in <module>
    num_batches = int(Variable.get(f"{weather_data_type_extraction}_num_batches"))
  File "/home/airflow/.local/lib/python3.8/site-packages/airflow/models/variable.py", line 143, in get
    raise KeyError(f"Variable {key} does not exist")
KeyError: 'Variable actual_num_batches does not exist'
[2025-12-06T19:36:02.064+0000] {processor.py:842} WARNING - No viable dags retrieved from /opt/airflow/dags/pipeline-weather-data.py
[2025-12-06T19:36:02.074+0000] {processor.py:183} INFO - Processing /opt/airflow/dags/pipeline-weather-data.py took 0.485 seconds
[2025-12-06T19:36:32.295+0000] {processor.py:161} INFO - Started process (PID=653) to work on /opt/airflow/dags/pipeline-weather-data.py
[2025-12-06T19:36:32.296+0000] {processor.py:830} INFO - Processing file /opt/airflow/dags/pipeline-weather-data.py for tasks to queue
[2025-12-06T19:36:32.299+0000] {logging_mixin.py:188} INFO - [2025-12-06T19:36:32.299+0000] {dagbag.py:538} INFO - Filling up the DagBag from /opt/airflow/dags/pipeline-weather-data.py
[2025-12-06T19:36:32.814+0000] {logging_mixin.py:188} INFO - [2025-12-06T19:36:32.812+0000] {dagbag.py:348} ERROR - Failed to import: /opt/airflow/dags/pipeline-weather-data.py
Traceback (most recent call last):
  File "/home/airflow/.local/lib/python3.8/site-packages/airflow/models/dagbag.py", line 344, in parse
    loader.exec_module(new_module)
  File "<frozen importlib._bootstrap_external>", line 843, in exec_module
  File "<frozen importlib._bootstrap>", line 219, in _call_with_frames_removed
  File "/opt/airflow/dags/pipeline-weather-data.py", line 270, in <module>
    num_batches = int(Variable.get(f"{weather_data_type_extraction}_num_batches"))
  File "/home/airflow/.local/lib/python3.8/site-packages/airflow/models/variable.py", line 143, in get
    raise KeyError(f"Variable {key} does not exist")
KeyError: 'Variable actual_num_batches does not exist'
[2025-12-06T19:36:32.814+0000] {processor.py:842} WARNING - No viable dags retrieved from /opt/airflow/dags/pipeline-weather-data.py
[2025-12-06T19:36:32.823+0000] {processor.py:183} INFO - Processing /opt/airflow/dags/pipeline-weather-data.py took 0.533 seconds
[2025-12-06T19:37:03.015+0000] {processor.py:161} INFO - Started process (PID=661) to work on /opt/airflow/dags/pipeline-weather-data.py
[2025-12-06T19:37:03.016+0000] {processor.py:830} INFO - Processing file /opt/airflow/dags/pipeline-weather-data.py for tasks to queue
[2025-12-06T19:37:03.022+0000] {logging_mixin.py:188} INFO - [2025-12-06T19:37:03.022+0000] {dagbag.py:538} INFO - Filling up the DagBag from /opt/airflow/dags/pipeline-weather-data.py
[2025-12-06T19:37:03.462+0000] {logging_mixin.py:188} INFO - [2025-12-06T19:37:03.460+0000] {dagbag.py:348} ERROR - Failed to import: /opt/airflow/dags/pipeline-weather-data.py
Traceback (most recent call last):
  File "/home/airflow/.local/lib/python3.8/site-packages/airflow/models/dagbag.py", line 344, in parse
    loader.exec_module(new_module)
  File "<frozen importlib._bootstrap_external>", line 843, in exec_module
  File "<frozen importlib._bootstrap>", line 219, in _call_with_frames_removed
  File "/opt/airflow/dags/pipeline-weather-data.py", line 270, in <module>
    num_batches = int(Variable.get(f"{weather_data_type_extraction}_num_batches"))
  File "/home/airflow/.local/lib/python3.8/site-packages/airflow/models/variable.py", line 143, in get
    raise KeyError(f"Variable {key} does not exist")
KeyError: 'Variable actual_num_batches does not exist'
[2025-12-06T19:37:03.462+0000] {processor.py:842} WARNING - No viable dags retrieved from /opt/airflow/dags/pipeline-weather-data.py
[2025-12-06T19:37:03.472+0000] {processor.py:183} INFO - Processing /opt/airflow/dags/pipeline-weather-data.py took 0.462 seconds
[2025-12-06T19:37:33.672+0000] {processor.py:161} INFO - Started process (PID=669) to work on /opt/airflow/dags/pipeline-weather-data.py
[2025-12-06T19:37:33.673+0000] {processor.py:830} INFO - Processing file /opt/airflow/dags/pipeline-weather-data.py for tasks to queue
[2025-12-06T19:37:33.675+0000] {logging_mixin.py:188} INFO - [2025-12-06T19:37:33.675+0000] {dagbag.py:538} INFO - Filling up the DagBag from /opt/airflow/dags/pipeline-weather-data.py
[2025-12-06T19:37:34.093+0000] {logging_mixin.py:188} INFO - [2025-12-06T19:37:34.092+0000] {dagbag.py:348} ERROR - Failed to import: /opt/airflow/dags/pipeline-weather-data.py
Traceback (most recent call last):
  File "/home/airflow/.local/lib/python3.8/site-packages/airflow/models/dagbag.py", line 344, in parse
    loader.exec_module(new_module)
  File "<frozen importlib._bootstrap_external>", line 843, in exec_module
  File "<frozen importlib._bootstrap>", line 219, in _call_with_frames_removed
  File "/opt/airflow/dags/pipeline-weather-data.py", line 270, in <module>
    num_batches = int(Variable.get(f"{weather_data_type_extraction}_num_batches"))
  File "/home/airflow/.local/lib/python3.8/site-packages/airflow/models/variable.py", line 143, in get
    raise KeyError(f"Variable {key} does not exist")
KeyError: 'Variable actual_num_batches does not exist'
[2025-12-06T19:37:34.094+0000] {processor.py:842} WARNING - No viable dags retrieved from /opt/airflow/dags/pipeline-weather-data.py
[2025-12-06T19:37:34.102+0000] {processor.py:183} INFO - Processing /opt/airflow/dags/pipeline-weather-data.py took 0.434 seconds
[2025-12-06T19:38:04.296+0000] {processor.py:161} INFO - Started process (PID=677) to work on /opt/airflow/dags/pipeline-weather-data.py
[2025-12-06T19:38:04.298+0000] {processor.py:830} INFO - Processing file /opt/airflow/dags/pipeline-weather-data.py for tasks to queue
[2025-12-06T19:38:04.301+0000] {logging_mixin.py:188} INFO - [2025-12-06T19:38:04.301+0000] {dagbag.py:538} INFO - Filling up the DagBag from /opt/airflow/dags/pipeline-weather-data.py
[2025-12-06T19:38:04.744+0000] {logging_mixin.py:188} INFO - [2025-12-06T19:38:04.742+0000] {dagbag.py:348} ERROR - Failed to import: /opt/airflow/dags/pipeline-weather-data.py
Traceback (most recent call last):
  File "/home/airflow/.local/lib/python3.8/site-packages/airflow/models/dagbag.py", line 344, in parse
    loader.exec_module(new_module)
  File "<frozen importlib._bootstrap_external>", line 843, in exec_module
  File "<frozen importlib._bootstrap>", line 219, in _call_with_frames_removed
  File "/opt/airflow/dags/pipeline-weather-data.py", line 270, in <module>
    num_batches = int(Variable.get(f"{weather_data_type_extraction}_num_batches"))
  File "/home/airflow/.local/lib/python3.8/site-packages/airflow/models/variable.py", line 143, in get
    raise KeyError(f"Variable {key} does not exist")
KeyError: 'Variable actual_num_batches does not exist'
[2025-12-06T19:38:04.744+0000] {processor.py:842} WARNING - No viable dags retrieved from /opt/airflow/dags/pipeline-weather-data.py
[2025-12-06T19:38:04.753+0000] {processor.py:183} INFO - Processing /opt/airflow/dags/pipeline-weather-data.py took 0.461 seconds
[2025-12-06T19:38:34.950+0000] {processor.py:161} INFO - Started process (PID=685) to work on /opt/airflow/dags/pipeline-weather-data.py
[2025-12-06T19:38:34.952+0000] {processor.py:830} INFO - Processing file /opt/airflow/dags/pipeline-weather-data.py for tasks to queue
[2025-12-06T19:38:34.955+0000] {logging_mixin.py:188} INFO - [2025-12-06T19:38:34.954+0000] {dagbag.py:538} INFO - Filling up the DagBag from /opt/airflow/dags/pipeline-weather-data.py
[2025-12-06T19:38:35.380+0000] {logging_mixin.py:188} INFO - [2025-12-06T19:38:35.378+0000] {dagbag.py:348} ERROR - Failed to import: /opt/airflow/dags/pipeline-weather-data.py
Traceback (most recent call last):
  File "/home/airflow/.local/lib/python3.8/site-packages/airflow/models/dagbag.py", line 344, in parse
    loader.exec_module(new_module)
  File "<frozen importlib._bootstrap_external>", line 843, in exec_module
  File "<frozen importlib._bootstrap>", line 219, in _call_with_frames_removed
  File "/opt/airflow/dags/pipeline-weather-data.py", line 270, in <module>
    num_batches = int(Variable.get(f"{weather_data_type_extraction}_num_batches"))
  File "/home/airflow/.local/lib/python3.8/site-packages/airflow/models/variable.py", line 143, in get
    raise KeyError(f"Variable {key} does not exist")
KeyError: 'Variable actual_num_batches does not exist'
[2025-12-06T19:38:35.380+0000] {processor.py:842} WARNING - No viable dags retrieved from /opt/airflow/dags/pipeline-weather-data.py
[2025-12-06T19:38:35.388+0000] {processor.py:183} INFO - Processing /opt/airflow/dags/pipeline-weather-data.py took 0.443 seconds
[2025-12-06T19:39:05.581+0000] {processor.py:161} INFO - Started process (PID=693) to work on /opt/airflow/dags/pipeline-weather-data.py
[2025-12-06T19:39:05.582+0000] {processor.py:830} INFO - Processing file /opt/airflow/dags/pipeline-weather-data.py for tasks to queue
[2025-12-06T19:39:05.585+0000] {logging_mixin.py:188} INFO - [2025-12-06T19:39:05.585+0000] {dagbag.py:538} INFO - Filling up the DagBag from /opt/airflow/dags/pipeline-weather-data.py
[2025-12-06T19:39:06.056+0000] {logging_mixin.py:188} INFO - [2025-12-06T19:39:06.054+0000] {dagbag.py:348} ERROR - Failed to import: /opt/airflow/dags/pipeline-weather-data.py
Traceback (most recent call last):
  File "/home/airflow/.local/lib/python3.8/site-packages/airflow/models/dagbag.py", line 344, in parse
    loader.exec_module(new_module)
  File "<frozen importlib._bootstrap_external>", line 843, in exec_module
  File "<frozen importlib._bootstrap>", line 219, in _call_with_frames_removed
  File "/opt/airflow/dags/pipeline-weather-data.py", line 270, in <module>
    num_batches = int(Variable.get(f"{weather_data_type_extraction}_num_batches"))
  File "/home/airflow/.local/lib/python3.8/site-packages/airflow/models/variable.py", line 143, in get
    raise KeyError(f"Variable {key} does not exist")
KeyError: 'Variable actual_num_batches does not exist'
[2025-12-06T19:39:06.056+0000] {processor.py:842} WARNING - No viable dags retrieved from /opt/airflow/dags/pipeline-weather-data.py
[2025-12-06T19:39:06.067+0000] {processor.py:183} INFO - Processing /opt/airflow/dags/pipeline-weather-data.py took 0.491 seconds
[2025-12-06T19:39:36.289+0000] {processor.py:161} INFO - Started process (PID=701) to work on /opt/airflow/dags/pipeline-weather-data.py
[2025-12-06T19:39:36.290+0000] {processor.py:830} INFO - Processing file /opt/airflow/dags/pipeline-weather-data.py for tasks to queue
[2025-12-06T19:39:36.294+0000] {logging_mixin.py:188} INFO - [2025-12-06T19:39:36.294+0000] {dagbag.py:538} INFO - Filling up the DagBag from /opt/airflow/dags/pipeline-weather-data.py
[2025-12-06T19:39:36.769+0000] {logging_mixin.py:188} INFO - [2025-12-06T19:39:36.767+0000] {dagbag.py:348} ERROR - Failed to import: /opt/airflow/dags/pipeline-weather-data.py
Traceback (most recent call last):
  File "/home/airflow/.local/lib/python3.8/site-packages/airflow/models/dagbag.py", line 344, in parse
    loader.exec_module(new_module)
  File "<frozen importlib._bootstrap_external>", line 843, in exec_module
  File "<frozen importlib._bootstrap>", line 219, in _call_with_frames_removed
  File "/opt/airflow/dags/pipeline-weather-data.py", line 270, in <module>
    num_batches = int(Variable.get(f"{weather_data_type_extraction}_num_batches"))
  File "/home/airflow/.local/lib/python3.8/site-packages/airflow/models/variable.py", line 143, in get
    raise KeyError(f"Variable {key} does not exist")
KeyError: 'Variable actual_num_batches does not exist'
[2025-12-06T19:39:36.769+0000] {processor.py:842} WARNING - No viable dags retrieved from /opt/airflow/dags/pipeline-weather-data.py
[2025-12-06T19:39:36.782+0000] {processor.py:183} INFO - Processing /opt/airflow/dags/pipeline-weather-data.py took 0.499 seconds
[2025-12-06T19:40:06.937+0000] {processor.py:161} INFO - Started process (PID=709) to work on /opt/airflow/dags/pipeline-weather-data.py
[2025-12-06T19:40:06.938+0000] {processor.py:830} INFO - Processing file /opt/airflow/dags/pipeline-weather-data.py for tasks to queue
[2025-12-06T19:40:06.940+0000] {logging_mixin.py:188} INFO - [2025-12-06T19:40:06.940+0000] {dagbag.py:538} INFO - Filling up the DagBag from /opt/airflow/dags/pipeline-weather-data.py
[2025-12-06T19:40:07.378+0000] {logging_mixin.py:188} INFO - [2025-12-06T19:40:07.376+0000] {dagbag.py:348} ERROR - Failed to import: /opt/airflow/dags/pipeline-weather-data.py
Traceback (most recent call last):
  File "/home/airflow/.local/lib/python3.8/site-packages/airflow/models/dagbag.py", line 344, in parse
    loader.exec_module(new_module)
  File "<frozen importlib._bootstrap_external>", line 843, in exec_module
  File "<frozen importlib._bootstrap>", line 219, in _call_with_frames_removed
  File "/opt/airflow/dags/pipeline-weather-data.py", line 270, in <module>
    num_batches = int(Variable.get(f"{weather_data_type_extraction}_num_batches"))
  File "/home/airflow/.local/lib/python3.8/site-packages/airflow/models/variable.py", line 143, in get
    raise KeyError(f"Variable {key} does not exist")
KeyError: 'Variable actual_num_batches does not exist'
[2025-12-06T19:40:07.378+0000] {processor.py:842} WARNING - No viable dags retrieved from /opt/airflow/dags/pipeline-weather-data.py
[2025-12-06T19:40:07.388+0000] {processor.py:183} INFO - Processing /opt/airflow/dags/pipeline-weather-data.py took 0.455 seconds
[2025-12-06T19:40:37.581+0000] {processor.py:161} INFO - Started process (PID=717) to work on /opt/airflow/dags/pipeline-weather-data.py
[2025-12-06T19:40:37.582+0000] {processor.py:830} INFO - Processing file /opt/airflow/dags/pipeline-weather-data.py for tasks to queue
[2025-12-06T19:40:37.585+0000] {logging_mixin.py:188} INFO - [2025-12-06T19:40:37.585+0000] {dagbag.py:538} INFO - Filling up the DagBag from /opt/airflow/dags/pipeline-weather-data.py
[2025-12-06T19:40:38.156+0000] {logging_mixin.py:188} INFO - [2025-12-06T19:40:38.154+0000] {dagbag.py:348} ERROR - Failed to import: /opt/airflow/dags/pipeline-weather-data.py
Traceback (most recent call last):
  File "/home/airflow/.local/lib/python3.8/site-packages/airflow/models/dagbag.py", line 344, in parse
    loader.exec_module(new_module)
  File "<frozen importlib._bootstrap_external>", line 843, in exec_module
  File "<frozen importlib._bootstrap>", line 219, in _call_with_frames_removed
  File "/opt/airflow/dags/pipeline-weather-data.py", line 270, in <module>
    num_batches = int(Variable.get(f"{weather_data_type_extraction}_num_batches"))
  File "/home/airflow/.local/lib/python3.8/site-packages/airflow/models/variable.py", line 143, in get
    raise KeyError(f"Variable {key} does not exist")
KeyError: 'Variable actual_num_batches does not exist'
[2025-12-06T19:40:38.156+0000] {processor.py:842} WARNING - No viable dags retrieved from /opt/airflow/dags/pipeline-weather-data.py
[2025-12-06T19:40:38.166+0000] {processor.py:183} INFO - Processing /opt/airflow/dags/pipeline-weather-data.py took 0.590 seconds
[2025-12-06T19:41:08.330+0000] {processor.py:161} INFO - Started process (PID=725) to work on /opt/airflow/dags/pipeline-weather-data.py
[2025-12-06T19:41:08.332+0000] {processor.py:830} INFO - Processing file /opt/airflow/dags/pipeline-weather-data.py for tasks to queue
[2025-12-06T19:41:08.335+0000] {logging_mixin.py:188} INFO - [2025-12-06T19:41:08.335+0000] {dagbag.py:538} INFO - Filling up the DagBag from /opt/airflow/dags/pipeline-weather-data.py
[2025-12-06T19:41:08.769+0000] {logging_mixin.py:188} INFO - [2025-12-06T19:41:08.767+0000] {dagbag.py:348} ERROR - Failed to import: /opt/airflow/dags/pipeline-weather-data.py
Traceback (most recent call last):
  File "/home/airflow/.local/lib/python3.8/site-packages/airflow/models/dagbag.py", line 344, in parse
    loader.exec_module(new_module)
  File "<frozen importlib._bootstrap_external>", line 843, in exec_module
  File "<frozen importlib._bootstrap>", line 219, in _call_with_frames_removed
  File "/opt/airflow/dags/pipeline-weather-data.py", line 270, in <module>
    num_batches = int(Variable.get(f"{weather_data_type_extraction}_num_batches"))
  File "/home/airflow/.local/lib/python3.8/site-packages/airflow/models/variable.py", line 143, in get
    raise KeyError(f"Variable {key} does not exist")
KeyError: 'Variable actual_num_batches does not exist'
[2025-12-06T19:41:08.770+0000] {processor.py:842} WARNING - No viable dags retrieved from /opt/airflow/dags/pipeline-weather-data.py
[2025-12-06T19:41:08.780+0000] {processor.py:183} INFO - Processing /opt/airflow/dags/pipeline-weather-data.py took 0.455 seconds
[2025-12-06T19:41:39.050+0000] {processor.py:161} INFO - Started process (PID=733) to work on /opt/airflow/dags/pipeline-weather-data.py
[2025-12-06T19:41:39.051+0000] {processor.py:830} INFO - Processing file /opt/airflow/dags/pipeline-weather-data.py for tasks to queue
[2025-12-06T19:41:39.057+0000] {logging_mixin.py:188} INFO - [2025-12-06T19:41:39.057+0000] {dagbag.py:538} INFO - Filling up the DagBag from /opt/airflow/dags/pipeline-weather-data.py
[2025-12-06T19:41:39.547+0000] {logging_mixin.py:188} INFO - [2025-12-06T19:41:39.545+0000] {dagbag.py:348} ERROR - Failed to import: /opt/airflow/dags/pipeline-weather-data.py
Traceback (most recent call last):
  File "/home/airflow/.local/lib/python3.8/site-packages/airflow/models/dagbag.py", line 344, in parse
    loader.exec_module(new_module)
  File "<frozen importlib._bootstrap_external>", line 843, in exec_module
  File "<frozen importlib._bootstrap>", line 219, in _call_with_frames_removed
  File "/opt/airflow/dags/pipeline-weather-data.py", line 270, in <module>
    num_batches = int(Variable.get(f"{weather_data_type_extraction}_num_batches"))
  File "/home/airflow/.local/lib/python3.8/site-packages/airflow/models/variable.py", line 143, in get
    raise KeyError(f"Variable {key} does not exist")
KeyError: 'Variable actual_num_batches does not exist'
[2025-12-06T19:41:39.548+0000] {processor.py:842} WARNING - No viable dags retrieved from /opt/airflow/dags/pipeline-weather-data.py
[2025-12-06T19:41:39.557+0000] {processor.py:183} INFO - Processing /opt/airflow/dags/pipeline-weather-data.py took 0.512 seconds
[2025-12-06T19:42:09.704+0000] {processor.py:161} INFO - Started process (PID=741) to work on /opt/airflow/dags/pipeline-weather-data.py
[2025-12-06T19:42:09.705+0000] {processor.py:830} INFO - Processing file /opt/airflow/dags/pipeline-weather-data.py for tasks to queue
[2025-12-06T19:42:09.708+0000] {logging_mixin.py:188} INFO - [2025-12-06T19:42:09.708+0000] {dagbag.py:538} INFO - Filling up the DagBag from /opt/airflow/dags/pipeline-weather-data.py
[2025-12-06T19:42:10.168+0000] {logging_mixin.py:188} INFO - [2025-12-06T19:42:10.167+0000] {dagbag.py:348} ERROR - Failed to import: /opt/airflow/dags/pipeline-weather-data.py
Traceback (most recent call last):
  File "/home/airflow/.local/lib/python3.8/site-packages/airflow/models/dagbag.py", line 344, in parse
    loader.exec_module(new_module)
  File "<frozen importlib._bootstrap_external>", line 843, in exec_module
  File "<frozen importlib._bootstrap>", line 219, in _call_with_frames_removed
  File "/opt/airflow/dags/pipeline-weather-data.py", line 270, in <module>
    num_batches = int(Variable.get(f"{weather_data_type_extraction}_num_batches"))
  File "/home/airflow/.local/lib/python3.8/site-packages/airflow/models/variable.py", line 143, in get
    raise KeyError(f"Variable {key} does not exist")
KeyError: 'Variable actual_num_batches does not exist'
[2025-12-06T19:42:10.169+0000] {processor.py:842} WARNING - No viable dags retrieved from /opt/airflow/dags/pipeline-weather-data.py
[2025-12-06T19:42:10.179+0000] {processor.py:183} INFO - Processing /opt/airflow/dags/pipeline-weather-data.py took 0.479 seconds
[2025-12-06T19:42:40.379+0000] {processor.py:161} INFO - Started process (PID=749) to work on /opt/airflow/dags/pipeline-weather-data.py
[2025-12-06T19:42:40.380+0000] {processor.py:830} INFO - Processing file /opt/airflow/dags/pipeline-weather-data.py for tasks to queue
[2025-12-06T19:42:40.383+0000] {logging_mixin.py:188} INFO - [2025-12-06T19:42:40.382+0000] {dagbag.py:538} INFO - Filling up the DagBag from /opt/airflow/dags/pipeline-weather-data.py
[2025-12-06T19:42:40.793+0000] {logging_mixin.py:188} INFO - [2025-12-06T19:42:40.792+0000] {dagbag.py:348} ERROR - Failed to import: /opt/airflow/dags/pipeline-weather-data.py
Traceback (most recent call last):
  File "/home/airflow/.local/lib/python3.8/site-packages/airflow/models/dagbag.py", line 344, in parse
    loader.exec_module(new_module)
  File "<frozen importlib._bootstrap_external>", line 843, in exec_module
  File "<frozen importlib._bootstrap>", line 219, in _call_with_frames_removed
  File "/opt/airflow/dags/pipeline-weather-data.py", line 270, in <module>
    num_batches = int(Variable.get(f"{weather_data_type_extraction}_num_batches"))
  File "/home/airflow/.local/lib/python3.8/site-packages/airflow/models/variable.py", line 143, in get
    raise KeyError(f"Variable {key} does not exist")
KeyError: 'Variable actual_num_batches does not exist'
[2025-12-06T19:42:40.794+0000] {processor.py:842} WARNING - No viable dags retrieved from /opt/airflow/dags/pipeline-weather-data.py
[2025-12-06T19:42:40.803+0000] {processor.py:183} INFO - Processing /opt/airflow/dags/pipeline-weather-data.py took 0.429 seconds
[2025-12-06T19:43:11.005+0000] {processor.py:161} INFO - Started process (PID=763) to work on /opt/airflow/dags/pipeline-weather-data.py
[2025-12-06T19:43:11.006+0000] {processor.py:830} INFO - Processing file /opt/airflow/dags/pipeline-weather-data.py for tasks to queue
[2025-12-06T19:43:11.009+0000] {logging_mixin.py:188} INFO - [2025-12-06T19:43:11.009+0000] {dagbag.py:538} INFO - Filling up the DagBag from /opt/airflow/dags/pipeline-weather-data.py
[2025-12-06T19:43:11.417+0000] {logging_mixin.py:188} INFO - [2025-12-06T19:43:11.415+0000] {dagbag.py:348} ERROR - Failed to import: /opt/airflow/dags/pipeline-weather-data.py
Traceback (most recent call last):
  File "/home/airflow/.local/lib/python3.8/site-packages/airflow/models/dagbag.py", line 344, in parse
    loader.exec_module(new_module)
  File "<frozen importlib._bootstrap_external>", line 843, in exec_module
  File "<frozen importlib._bootstrap>", line 219, in _call_with_frames_removed
  File "/opt/airflow/dags/pipeline-weather-data.py", line 270, in <module>
    num_batches = int(Variable.get(f"{weather_data_type_extraction}_num_batches"))
  File "/home/airflow/.local/lib/python3.8/site-packages/airflow/models/variable.py", line 143, in get
    raise KeyError(f"Variable {key} does not exist")
KeyError: 'Variable actual_num_batches does not exist'
[2025-12-06T19:43:11.417+0000] {processor.py:842} WARNING - No viable dags retrieved from /opt/airflow/dags/pipeline-weather-data.py
[2025-12-06T19:43:11.428+0000] {processor.py:183} INFO - Processing /opt/airflow/dags/pipeline-weather-data.py took 0.428 seconds
[2025-12-06T19:43:41.632+0000] {processor.py:161} INFO - Started process (PID=771) to work on /opt/airflow/dags/pipeline-weather-data.py
[2025-12-06T19:43:41.633+0000] {processor.py:830} INFO - Processing file /opt/airflow/dags/pipeline-weather-data.py for tasks to queue
[2025-12-06T19:43:41.636+0000] {logging_mixin.py:188} INFO - [2025-12-06T19:43:41.636+0000] {dagbag.py:538} INFO - Filling up the DagBag from /opt/airflow/dags/pipeline-weather-data.py
[2025-12-06T19:43:42.112+0000] {logging_mixin.py:188} INFO - [2025-12-06T19:43:42.110+0000] {dagbag.py:348} ERROR - Failed to import: /opt/airflow/dags/pipeline-weather-data.py
Traceback (most recent call last):
  File "/home/airflow/.local/lib/python3.8/site-packages/airflow/models/dagbag.py", line 344, in parse
    loader.exec_module(new_module)
  File "<frozen importlib._bootstrap_external>", line 843, in exec_module
  File "<frozen importlib._bootstrap>", line 219, in _call_with_frames_removed
  File "/opt/airflow/dags/pipeline-weather-data.py", line 270, in <module>
    num_batches = int(Variable.get(f"{weather_data_type_extraction}_num_batches"))
  File "/home/airflow/.local/lib/python3.8/site-packages/airflow/models/variable.py", line 143, in get
    raise KeyError(f"Variable {key} does not exist")
KeyError: 'Variable actual_num_batches does not exist'
[2025-12-06T19:43:42.113+0000] {processor.py:842} WARNING - No viable dags retrieved from /opt/airflow/dags/pipeline-weather-data.py
[2025-12-06T19:43:42.123+0000] {processor.py:183} INFO - Processing /opt/airflow/dags/pipeline-weather-data.py took 0.496 seconds
[2025-12-06T19:44:12.458+0000] {processor.py:161} INFO - Started process (PID=779) to work on /opt/airflow/dags/pipeline-weather-data.py
[2025-12-06T19:44:12.459+0000] {processor.py:830} INFO - Processing file /opt/airflow/dags/pipeline-weather-data.py for tasks to queue
[2025-12-06T19:44:12.462+0000] {logging_mixin.py:188} INFO - [2025-12-06T19:44:12.462+0000] {dagbag.py:538} INFO - Filling up the DagBag from /opt/airflow/dags/pipeline-weather-data.py
[2025-12-06T19:44:12.871+0000] {logging_mixin.py:188} INFO - [2025-12-06T19:44:12.870+0000] {dagbag.py:348} ERROR - Failed to import: /opt/airflow/dags/pipeline-weather-data.py
Traceback (most recent call last):
  File "/home/airflow/.local/lib/python3.8/site-packages/airflow/models/dagbag.py", line 344, in parse
    loader.exec_module(new_module)
  File "<frozen importlib._bootstrap_external>", line 843, in exec_module
  File "<frozen importlib._bootstrap>", line 219, in _call_with_frames_removed
  File "/opt/airflow/dags/pipeline-weather-data.py", line 270, in <module>
    num_batches = int(Variable.get(f"{weather_data_type_extraction}_num_batches"))
  File "/home/airflow/.local/lib/python3.8/site-packages/airflow/models/variable.py", line 143, in get
    raise KeyError(f"Variable {key} does not exist")
KeyError: 'Variable actual_num_batches does not exist'
[2025-12-06T19:44:12.872+0000] {processor.py:842} WARNING - No viable dags retrieved from /opt/airflow/dags/pipeline-weather-data.py
[2025-12-06T19:44:12.881+0000] {processor.py:183} INFO - Processing /opt/airflow/dags/pipeline-weather-data.py took 0.429 seconds
[2025-12-06T19:44:42.989+0000] {processor.py:161} INFO - Started process (PID=787) to work on /opt/airflow/dags/pipeline-weather-data.py
[2025-12-06T19:44:42.990+0000] {processor.py:830} INFO - Processing file /opt/airflow/dags/pipeline-weather-data.py for tasks to queue
[2025-12-06T19:44:42.993+0000] {logging_mixin.py:188} INFO - [2025-12-06T19:44:42.993+0000] {dagbag.py:538} INFO - Filling up the DagBag from /opt/airflow/dags/pipeline-weather-data.py
[2025-12-06T19:44:43.396+0000] {logging_mixin.py:188} INFO - [2025-12-06T19:44:43.394+0000] {dagbag.py:348} ERROR - Failed to import: /opt/airflow/dags/pipeline-weather-data.py
Traceback (most recent call last):
  File "/home/airflow/.local/lib/python3.8/site-packages/airflow/models/dagbag.py", line 344, in parse
    loader.exec_module(new_module)
  File "<frozen importlib._bootstrap_external>", line 843, in exec_module
  File "<frozen importlib._bootstrap>", line 219, in _call_with_frames_removed
  File "/opt/airflow/dags/pipeline-weather-data.py", line 270, in <module>
    num_batches = int(Variable.get(f"{weather_data_type_extraction}_num_batches"))
  File "/home/airflow/.local/lib/python3.8/site-packages/airflow/models/variable.py", line 143, in get
    raise KeyError(f"Variable {key} does not exist")
KeyError: 'Variable actual_num_batches does not exist'
[2025-12-06T19:44:43.397+0000] {processor.py:842} WARNING - No viable dags retrieved from /opt/airflow/dags/pipeline-weather-data.py
[2025-12-06T19:44:43.406+0000] {processor.py:183} INFO - Processing /opt/airflow/dags/pipeline-weather-data.py took 0.422 seconds
[2025-12-06T19:45:13.601+0000] {processor.py:161} INFO - Started process (PID=795) to work on /opt/airflow/dags/pipeline-weather-data.py
[2025-12-06T19:45:13.603+0000] {processor.py:830} INFO - Processing file /opt/airflow/dags/pipeline-weather-data.py for tasks to queue
[2025-12-06T19:45:13.606+0000] {logging_mixin.py:188} INFO - [2025-12-06T19:45:13.605+0000] {dagbag.py:538} INFO - Filling up the DagBag from /opt/airflow/dags/pipeline-weather-data.py
[2025-12-06T19:45:14.004+0000] {logging_mixin.py:188} INFO - [2025-12-06T19:45:14.002+0000] {dagbag.py:348} ERROR - Failed to import: /opt/airflow/dags/pipeline-weather-data.py
Traceback (most recent call last):
  File "/home/airflow/.local/lib/python3.8/site-packages/airflow/models/dagbag.py", line 344, in parse
    loader.exec_module(new_module)
  File "<frozen importlib._bootstrap_external>", line 843, in exec_module
  File "<frozen importlib._bootstrap>", line 219, in _call_with_frames_removed
  File "/opt/airflow/dags/pipeline-weather-data.py", line 270, in <module>
    num_batches = int(Variable.get(f"{weather_data_type_extraction}_num_batches"))
  File "/home/airflow/.local/lib/python3.8/site-packages/airflow/models/variable.py", line 143, in get
    raise KeyError(f"Variable {key} does not exist")
KeyError: 'Variable actual_num_batches does not exist'
[2025-12-06T19:45:14.005+0000] {processor.py:842} WARNING - No viable dags retrieved from /opt/airflow/dags/pipeline-weather-data.py
[2025-12-06T19:45:14.013+0000] {processor.py:183} INFO - Processing /opt/airflow/dags/pipeline-weather-data.py took 0.417 seconds
[2025-12-06T19:45:44.224+0000] {processor.py:161} INFO - Started process (PID=803) to work on /opt/airflow/dags/pipeline-weather-data.py
[2025-12-06T19:45:44.225+0000] {processor.py:830} INFO - Processing file /opt/airflow/dags/pipeline-weather-data.py for tasks to queue
[2025-12-06T19:45:44.227+0000] {logging_mixin.py:188} INFO - [2025-12-06T19:45:44.227+0000] {dagbag.py:538} INFO - Filling up the DagBag from /opt/airflow/dags/pipeline-weather-data.py
[2025-12-06T19:45:44.702+0000] {logging_mixin.py:188} INFO - [2025-12-06T19:45:44.700+0000] {dagbag.py:348} ERROR - Failed to import: /opt/airflow/dags/pipeline-weather-data.py
Traceback (most recent call last):
  File "/home/airflow/.local/lib/python3.8/site-packages/airflow/models/dagbag.py", line 344, in parse
    loader.exec_module(new_module)
  File "<frozen importlib._bootstrap_external>", line 843, in exec_module
  File "<frozen importlib._bootstrap>", line 219, in _call_with_frames_removed
  File "/opt/airflow/dags/pipeline-weather-data.py", line 270, in <module>
    num_batches = int(Variable.get(f"{weather_data_type_extraction}_num_batches"))
  File "/home/airflow/.local/lib/python3.8/site-packages/airflow/models/variable.py", line 143, in get
    raise KeyError(f"Variable {key} does not exist")
KeyError: 'Variable actual_num_batches does not exist'
[2025-12-06T19:45:44.703+0000] {processor.py:842} WARNING - No viable dags retrieved from /opt/airflow/dags/pipeline-weather-data.py
[2025-12-06T19:45:44.968+0000] {processor.py:183} INFO - Processing /opt/airflow/dags/pipeline-weather-data.py took 0.748 seconds
[2025-12-06T19:46:15.164+0000] {processor.py:161} INFO - Started process (PID=811) to work on /opt/airflow/dags/pipeline-weather-data.py
[2025-12-06T19:46:15.166+0000] {processor.py:830} INFO - Processing file /opt/airflow/dags/pipeline-weather-data.py for tasks to queue
[2025-12-06T19:46:15.169+0000] {logging_mixin.py:188} INFO - [2025-12-06T19:46:15.169+0000] {dagbag.py:538} INFO - Filling up the DagBag from /opt/airflow/dags/pipeline-weather-data.py
[2025-12-06T19:46:15.608+0000] {logging_mixin.py:188} INFO - [2025-12-06T19:46:15.606+0000] {dagbag.py:348} ERROR - Failed to import: /opt/airflow/dags/pipeline-weather-data.py
Traceback (most recent call last):
  File "/home/airflow/.local/lib/python3.8/site-packages/airflow/models/dagbag.py", line 344, in parse
    loader.exec_module(new_module)
  File "<frozen importlib._bootstrap_external>", line 843, in exec_module
  File "<frozen importlib._bootstrap>", line 219, in _call_with_frames_removed
  File "/opt/airflow/dags/pipeline-weather-data.py", line 270, in <module>
    num_batches = int(Variable.get(f"{weather_data_type_extraction}_num_batches"))
  File "/home/airflow/.local/lib/python3.8/site-packages/airflow/models/variable.py", line 143, in get
    raise KeyError(f"Variable {key} does not exist")
KeyError: 'Variable actual_num_batches does not exist'
[2025-12-06T19:46:15.609+0000] {processor.py:842} WARNING - No viable dags retrieved from /opt/airflow/dags/pipeline-weather-data.py
[2025-12-06T19:46:15.618+0000] {processor.py:183} INFO - Processing /opt/airflow/dags/pipeline-weather-data.py took 0.460 seconds
[2025-12-06T19:46:45.812+0000] {processor.py:161} INFO - Started process (PID=819) to work on /opt/airflow/dags/pipeline-weather-data.py
[2025-12-06T19:46:45.813+0000] {processor.py:830} INFO - Processing file /opt/airflow/dags/pipeline-weather-data.py for tasks to queue
[2025-12-06T19:46:45.817+0000] {logging_mixin.py:188} INFO - [2025-12-06T19:46:45.816+0000] {dagbag.py:538} INFO - Filling up the DagBag from /opt/airflow/dags/pipeline-weather-data.py
[2025-12-06T19:46:46.204+0000] {logging_mixin.py:188} INFO - [2025-12-06T19:46:46.202+0000] {dagbag.py:348} ERROR - Failed to import: /opt/airflow/dags/pipeline-weather-data.py
Traceback (most recent call last):
  File "/home/airflow/.local/lib/python3.8/site-packages/airflow/models/dagbag.py", line 344, in parse
    loader.exec_module(new_module)
  File "<frozen importlib._bootstrap_external>", line 843, in exec_module
  File "<frozen importlib._bootstrap>", line 219, in _call_with_frames_removed
  File "/opt/airflow/dags/pipeline-weather-data.py", line 270, in <module>
    num_batches = int(Variable.get(f"{weather_data_type_extraction}_num_batches"))
  File "/home/airflow/.local/lib/python3.8/site-packages/airflow/models/variable.py", line 143, in get
    raise KeyError(f"Variable {key} does not exist")
KeyError: 'Variable actual_num_batches does not exist'
[2025-12-06T19:46:46.204+0000] {processor.py:842} WARNING - No viable dags retrieved from /opt/airflow/dags/pipeline-weather-data.py
[2025-12-06T19:46:46.213+0000] {processor.py:183} INFO - Processing /opt/airflow/dags/pipeline-weather-data.py took 0.405 seconds
[2025-12-06T19:47:16.417+0000] {processor.py:161} INFO - Started process (PID=827) to work on /opt/airflow/dags/pipeline-weather-data.py
[2025-12-06T19:47:16.418+0000] {processor.py:830} INFO - Processing file /opt/airflow/dags/pipeline-weather-data.py for tasks to queue
[2025-12-06T19:47:16.422+0000] {logging_mixin.py:188} INFO - [2025-12-06T19:47:16.421+0000] {dagbag.py:538} INFO - Filling up the DagBag from /opt/airflow/dags/pipeline-weather-data.py
[2025-12-06T19:47:17.001+0000] {logging_mixin.py:188} INFO - [2025-12-06T19:47:16.999+0000] {dagbag.py:348} ERROR - Failed to import: /opt/airflow/dags/pipeline-weather-data.py
Traceback (most recent call last):
  File "/home/airflow/.local/lib/python3.8/site-packages/airflow/models/dagbag.py", line 344, in parse
    loader.exec_module(new_module)
  File "<frozen importlib._bootstrap_external>", line 843, in exec_module
  File "<frozen importlib._bootstrap>", line 219, in _call_with_frames_removed
  File "/opt/airflow/dags/pipeline-weather-data.py", line 270, in <module>
    num_batches = int(Variable.get(f"{weather_data_type_extraction}_num_batches"))
  File "/home/airflow/.local/lib/python3.8/site-packages/airflow/models/variable.py", line 143, in get
    raise KeyError(f"Variable {key} does not exist")
KeyError: 'Variable actual_num_batches does not exist'
[2025-12-06T19:47:17.002+0000] {processor.py:842} WARNING - No viable dags retrieved from /opt/airflow/dags/pipeline-weather-data.py
[2025-12-06T19:47:17.014+0000] {processor.py:183} INFO - Processing /opt/airflow/dags/pipeline-weather-data.py took 0.602 seconds
[2025-12-06T19:47:47.200+0000] {processor.py:161} INFO - Started process (PID=835) to work on /opt/airflow/dags/pipeline-weather-data.py
[2025-12-06T19:47:47.201+0000] {processor.py:830} INFO - Processing file /opt/airflow/dags/pipeline-weather-data.py for tasks to queue
[2025-12-06T19:47:47.203+0000] {logging_mixin.py:188} INFO - [2025-12-06T19:47:47.203+0000] {dagbag.py:538} INFO - Filling up the DagBag from /opt/airflow/dags/pipeline-weather-data.py
[2025-12-06T19:47:47.653+0000] {logging_mixin.py:188} INFO - [2025-12-06T19:47:47.651+0000] {dagbag.py:348} ERROR - Failed to import: /opt/airflow/dags/pipeline-weather-data.py
Traceback (most recent call last):
  File "/home/airflow/.local/lib/python3.8/site-packages/airflow/models/dagbag.py", line 344, in parse
    loader.exec_module(new_module)
  File "<frozen importlib._bootstrap_external>", line 843, in exec_module
  File "<frozen importlib._bootstrap>", line 219, in _call_with_frames_removed
  File "/opt/airflow/dags/pipeline-weather-data.py", line 270, in <module>
    num_batches = int(Variable.get(f"{weather_data_type_extraction}_num_batches"))
  File "/home/airflow/.local/lib/python3.8/site-packages/airflow/models/variable.py", line 143, in get
    raise KeyError(f"Variable {key} does not exist")
KeyError: 'Variable actual_num_batches does not exist'
[2025-12-06T19:47:47.653+0000] {processor.py:842} WARNING - No viable dags retrieved from /opt/airflow/dags/pipeline-weather-data.py
[2025-12-06T19:47:47.663+0000] {processor.py:183} INFO - Processing /opt/airflow/dags/pipeline-weather-data.py took 0.468 seconds
[2025-12-06T19:48:17.859+0000] {processor.py:161} INFO - Started process (PID=843) to work on /opt/airflow/dags/pipeline-weather-data.py
[2025-12-06T19:48:17.861+0000] {processor.py:830} INFO - Processing file /opt/airflow/dags/pipeline-weather-data.py for tasks to queue
[2025-12-06T19:48:17.863+0000] {logging_mixin.py:188} INFO - [2025-12-06T19:48:17.863+0000] {dagbag.py:538} INFO - Filling up the DagBag from /opt/airflow/dags/pipeline-weather-data.py
[2025-12-06T19:48:18.256+0000] {logging_mixin.py:188} INFO - [2025-12-06T19:48:18.254+0000] {dagbag.py:348} ERROR - Failed to import: /opt/airflow/dags/pipeline-weather-data.py
Traceback (most recent call last):
  File "/home/airflow/.local/lib/python3.8/site-packages/airflow/models/dagbag.py", line 344, in parse
    loader.exec_module(new_module)
  File "<frozen importlib._bootstrap_external>", line 843, in exec_module
  File "<frozen importlib._bootstrap>", line 219, in _call_with_frames_removed
  File "/opt/airflow/dags/pipeline-weather-data.py", line 270, in <module>
    num_batches = int(Variable.get(f"{weather_data_type_extraction}_num_batches"))
  File "/home/airflow/.local/lib/python3.8/site-packages/airflow/models/variable.py", line 143, in get
    raise KeyError(f"Variable {key} does not exist")
KeyError: 'Variable actual_num_batches does not exist'
[2025-12-06T19:48:18.256+0000] {processor.py:842} WARNING - No viable dags retrieved from /opt/airflow/dags/pipeline-weather-data.py
[2025-12-06T19:48:18.264+0000] {processor.py:183} INFO - Processing /opt/airflow/dags/pipeline-weather-data.py took 0.410 seconds
[2025-12-06T19:48:48.468+0000] {processor.py:161} INFO - Started process (PID=851) to work on /opt/airflow/dags/pipeline-weather-data.py
[2025-12-06T19:48:48.469+0000] {processor.py:830} INFO - Processing file /opt/airflow/dags/pipeline-weather-data.py for tasks to queue
[2025-12-06T19:48:48.472+0000] {logging_mixin.py:188} INFO - [2025-12-06T19:48:48.472+0000] {dagbag.py:538} INFO - Filling up the DagBag from /opt/airflow/dags/pipeline-weather-data.py
[2025-12-06T19:48:49.024+0000] {logging_mixin.py:188} INFO - [2025-12-06T19:48:49.022+0000] {dagbag.py:348} ERROR - Failed to import: /opt/airflow/dags/pipeline-weather-data.py
Traceback (most recent call last):
  File "/home/airflow/.local/lib/python3.8/site-packages/airflow/models/dagbag.py", line 344, in parse
    loader.exec_module(new_module)
  File "<frozen importlib._bootstrap_external>", line 843, in exec_module
  File "<frozen importlib._bootstrap>", line 219, in _call_with_frames_removed
  File "/opt/airflow/dags/pipeline-weather-data.py", line 270, in <module>
    num_batches = int(Variable.get(f"{weather_data_type_extraction}_num_batches"))
  File "/home/airflow/.local/lib/python3.8/site-packages/airflow/models/variable.py", line 143, in get
    raise KeyError(f"Variable {key} does not exist")
KeyError: 'Variable actual_num_batches does not exist'
[2025-12-06T19:48:49.025+0000] {processor.py:842} WARNING - No viable dags retrieved from /opt/airflow/dags/pipeline-weather-data.py
[2025-12-06T19:48:49.036+0000] {processor.py:183} INFO - Processing /opt/airflow/dags/pipeline-weather-data.py took 0.573 seconds
[2025-12-06T19:49:19.239+0000] {processor.py:161} INFO - Started process (PID=859) to work on /opt/airflow/dags/pipeline-weather-data.py
[2025-12-06T19:49:19.241+0000] {processor.py:830} INFO - Processing file /opt/airflow/dags/pipeline-weather-data.py for tasks to queue
[2025-12-06T19:49:19.244+0000] {logging_mixin.py:188} INFO - [2025-12-06T19:49:19.244+0000] {dagbag.py:538} INFO - Filling up the DagBag from /opt/airflow/dags/pipeline-weather-data.py
[2025-12-06T19:49:19.765+0000] {logging_mixin.py:188} INFO - [2025-12-06T19:49:19.764+0000] {dagbag.py:348} ERROR - Failed to import: /opt/airflow/dags/pipeline-weather-data.py
Traceback (most recent call last):
  File "/home/airflow/.local/lib/python3.8/site-packages/airflow/models/dagbag.py", line 344, in parse
    loader.exec_module(new_module)
  File "<frozen importlib._bootstrap_external>", line 843, in exec_module
  File "<frozen importlib._bootstrap>", line 219, in _call_with_frames_removed
  File "/opt/airflow/dags/pipeline-weather-data.py", line 270, in <module>
    num_batches = int(Variable.get(f"{weather_data_type_extraction}_num_batches"))
  File "/home/airflow/.local/lib/python3.8/site-packages/airflow/models/variable.py", line 143, in get
    raise KeyError(f"Variable {key} does not exist")
KeyError: 'Variable actual_num_batches does not exist'
[2025-12-06T19:49:19.766+0000] {processor.py:842} WARNING - No viable dags retrieved from /opt/airflow/dags/pipeline-weather-data.py
[2025-12-06T19:49:19.778+0000] {processor.py:183} INFO - Processing /opt/airflow/dags/pipeline-weather-data.py took 0.543 seconds
[2025-12-06T19:49:49.981+0000] {processor.py:161} INFO - Started process (PID=867) to work on /opt/airflow/dags/pipeline-weather-data.py
[2025-12-06T19:49:49.982+0000] {processor.py:830} INFO - Processing file /opt/airflow/dags/pipeline-weather-data.py for tasks to queue
[2025-12-06T19:49:49.986+0000] {logging_mixin.py:188} INFO - [2025-12-06T19:49:49.986+0000] {dagbag.py:538} INFO - Filling up the DagBag from /opt/airflow/dags/pipeline-weather-data.py
[2025-12-06T19:49:50.608+0000] {logging_mixin.py:188} INFO - [2025-12-06T19:49:50.606+0000] {dagbag.py:348} ERROR - Failed to import: /opt/airflow/dags/pipeline-weather-data.py
Traceback (most recent call last):
  File "/home/airflow/.local/lib/python3.8/site-packages/airflow/models/dagbag.py", line 344, in parse
    loader.exec_module(new_module)
  File "<frozen importlib._bootstrap_external>", line 843, in exec_module
  File "<frozen importlib._bootstrap>", line 219, in _call_with_frames_removed
  File "/opt/airflow/dags/pipeline-weather-data.py", line 270, in <module>
    num_batches = int(Variable.get(f"{weather_data_type_extraction}_num_batches"))
  File "/home/airflow/.local/lib/python3.8/site-packages/airflow/models/variable.py", line 143, in get
    raise KeyError(f"Variable {key} does not exist")
KeyError: 'Variable actual_num_batches does not exist'
[2025-12-06T19:49:50.608+0000] {processor.py:842} WARNING - No viable dags retrieved from /opt/airflow/dags/pipeline-weather-data.py
[2025-12-06T19:49:50.621+0000] {processor.py:183} INFO - Processing /opt/airflow/dags/pipeline-weather-data.py took 0.647 seconds
[2025-12-06T19:50:20.754+0000] {processor.py:161} INFO - Started process (PID=875) to work on /opt/airflow/dags/pipeline-weather-data.py
[2025-12-06T19:50:20.766+0000] {processor.py:830} INFO - Processing file /opt/airflow/dags/pipeline-weather-data.py for tasks to queue
[2025-12-06T19:50:20.787+0000] {logging_mixin.py:188} INFO - [2025-12-06T19:50:20.787+0000] {dagbag.py:538} INFO - Filling up the DagBag from /opt/airflow/dags/pipeline-weather-data.py
[2025-12-06T19:50:21.350+0000] {logging_mixin.py:188} INFO - [2025-12-06T19:50:21.348+0000] {dagbag.py:348} ERROR - Failed to import: /opt/airflow/dags/pipeline-weather-data.py
Traceback (most recent call last):
  File "/home/airflow/.local/lib/python3.8/site-packages/airflow/models/dagbag.py", line 344, in parse
    loader.exec_module(new_module)
  File "<frozen importlib._bootstrap_external>", line 843, in exec_module
  File "<frozen importlib._bootstrap>", line 219, in _call_with_frames_removed
  File "/opt/airflow/dags/pipeline-weather-data.py", line 270, in <module>
    num_batches = int(Variable.get(f"{weather_data_type_extraction}_num_batches"))
  File "/home/airflow/.local/lib/python3.8/site-packages/airflow/models/variable.py", line 143, in get
    raise KeyError(f"Variable {key} does not exist")
KeyError: 'Variable actual_num_batches does not exist'
[2025-12-06T19:50:21.351+0000] {processor.py:842} WARNING - No viable dags retrieved from /opt/airflow/dags/pipeline-weather-data.py
[2025-12-06T19:50:21.360+0000] {processor.py:183} INFO - Processing /opt/airflow/dags/pipeline-weather-data.py took 0.609 seconds
[2025-12-06T19:50:51.734+0000] {processor.py:161} INFO - Started process (PID=883) to work on /opt/airflow/dags/pipeline-weather-data.py
[2025-12-06T19:50:51.735+0000] {processor.py:830} INFO - Processing file /opt/airflow/dags/pipeline-weather-data.py for tasks to queue
[2025-12-06T19:50:51.739+0000] {logging_mixin.py:188} INFO - [2025-12-06T19:50:51.738+0000] {dagbag.py:538} INFO - Filling up the DagBag from /opt/airflow/dags/pipeline-weather-data.py
[2025-12-06T19:50:52.259+0000] {logging_mixin.py:188} INFO - [2025-12-06T19:50:52.258+0000] {dagbag.py:348} ERROR - Failed to import: /opt/airflow/dags/pipeline-weather-data.py
Traceback (most recent call last):
  File "/home/airflow/.local/lib/python3.8/site-packages/airflow/models/dagbag.py", line 344, in parse
    loader.exec_module(new_module)
  File "<frozen importlib._bootstrap_external>", line 843, in exec_module
  File "<frozen importlib._bootstrap>", line 219, in _call_with_frames_removed
  File "/opt/airflow/dags/pipeline-weather-data.py", line 270, in <module>
    num_batches = int(Variable.get(f"{weather_data_type_extraction}_num_batches"))
  File "/home/airflow/.local/lib/python3.8/site-packages/airflow/models/variable.py", line 143, in get
    raise KeyError(f"Variable {key} does not exist")
KeyError: 'Variable actual_num_batches does not exist'
[2025-12-06T19:50:52.260+0000] {processor.py:842} WARNING - No viable dags retrieved from /opt/airflow/dags/pipeline-weather-data.py
[2025-12-06T19:50:52.273+0000] {processor.py:183} INFO - Processing /opt/airflow/dags/pipeline-weather-data.py took 0.544 seconds
[2025-12-06T19:51:22.339+0000] {processor.py:161} INFO - Started process (PID=891) to work on /opt/airflow/dags/pipeline-weather-data.py
[2025-12-06T19:51:22.341+0000] {processor.py:830} INFO - Processing file /opt/airflow/dags/pipeline-weather-data.py for tasks to queue
[2025-12-06T19:51:22.343+0000] {logging_mixin.py:188} INFO - [2025-12-06T19:51:22.343+0000] {dagbag.py:538} INFO - Filling up the DagBag from /opt/airflow/dags/pipeline-weather-data.py
[2025-12-06T19:51:22.748+0000] {logging_mixin.py:188} INFO - [2025-12-06T19:51:22.746+0000] {dagbag.py:348} ERROR - Failed to import: /opt/airflow/dags/pipeline-weather-data.py
Traceback (most recent call last):
  File "/home/airflow/.local/lib/python3.8/site-packages/airflow/models/dagbag.py", line 344, in parse
    loader.exec_module(new_module)
  File "<frozen importlib._bootstrap_external>", line 843, in exec_module
  File "<frozen importlib._bootstrap>", line 219, in _call_with_frames_removed
  File "/opt/airflow/dags/pipeline-weather-data.py", line 270, in <module>
    num_batches = int(Variable.get(f"{weather_data_type_extraction}_num_batches"))
  File "/home/airflow/.local/lib/python3.8/site-packages/airflow/models/variable.py", line 143, in get
    raise KeyError(f"Variable {key} does not exist")
KeyError: 'Variable actual_num_batches does not exist'
[2025-12-06T19:51:22.749+0000] {processor.py:842} WARNING - No viable dags retrieved from /opt/airflow/dags/pipeline-weather-data.py
[2025-12-06T19:51:22.907+0000] {processor.py:183} INFO - Processing /opt/airflow/dags/pipeline-weather-data.py took 0.573 seconds
[2025-12-06T19:51:53.109+0000] {processor.py:161} INFO - Started process (PID=899) to work on /opt/airflow/dags/pipeline-weather-data.py
[2025-12-06T19:51:53.110+0000] {processor.py:830} INFO - Processing file /opt/airflow/dags/pipeline-weather-data.py for tasks to queue
[2025-12-06T19:51:53.113+0000] {logging_mixin.py:188} INFO - [2025-12-06T19:51:53.113+0000] {dagbag.py:538} INFO - Filling up the DagBag from /opt/airflow/dags/pipeline-weather-data.py
[2025-12-06T19:51:53.698+0000] {logging_mixin.py:188} INFO - [2025-12-06T19:51:53.696+0000] {dagbag.py:348} ERROR - Failed to import: /opt/airflow/dags/pipeline-weather-data.py
Traceback (most recent call last):
  File "/home/airflow/.local/lib/python3.8/site-packages/airflow/models/dagbag.py", line 344, in parse
    loader.exec_module(new_module)
  File "<frozen importlib._bootstrap_external>", line 843, in exec_module
  File "<frozen importlib._bootstrap>", line 219, in _call_with_frames_removed
  File "/opt/airflow/dags/pipeline-weather-data.py", line 270, in <module>
    num_batches = int(Variable.get(f"{weather_data_type_extraction}_num_batches"))
  File "/home/airflow/.local/lib/python3.8/site-packages/airflow/models/variable.py", line 143, in get
    raise KeyError(f"Variable {key} does not exist")
KeyError: 'Variable actual_num_batches does not exist'
[2025-12-06T19:51:53.699+0000] {processor.py:842} WARNING - No viable dags retrieved from /opt/airflow/dags/pipeline-weather-data.py
[2025-12-06T19:51:53.712+0000] {processor.py:183} INFO - Processing /opt/airflow/dags/pipeline-weather-data.py took 0.608 seconds
[2025-12-06T19:52:23.943+0000] {processor.py:161} INFO - Started process (PID=907) to work on /opt/airflow/dags/pipeline-weather-data.py
[2025-12-06T19:52:23.944+0000] {processor.py:830} INFO - Processing file /opt/airflow/dags/pipeline-weather-data.py for tasks to queue
[2025-12-06T19:52:23.947+0000] {logging_mixin.py:188} INFO - [2025-12-06T19:52:23.947+0000] {dagbag.py:538} INFO - Filling up the DagBag from /opt/airflow/dags/pipeline-weather-data.py
[2025-12-06T19:52:24.392+0000] {logging_mixin.py:188} INFO - [2025-12-06T19:52:24.391+0000] {dagbag.py:348} ERROR - Failed to import: /opt/airflow/dags/pipeline-weather-data.py
Traceback (most recent call last):
  File "/home/airflow/.local/lib/python3.8/site-packages/airflow/models/dagbag.py", line 344, in parse
    loader.exec_module(new_module)
  File "<frozen importlib._bootstrap_external>", line 843, in exec_module
  File "<frozen importlib._bootstrap>", line 219, in _call_with_frames_removed
  File "/opt/airflow/dags/pipeline-weather-data.py", line 270, in <module>
    num_batches = int(Variable.get(f"{weather_data_type_extraction}_num_batches"))
  File "/home/airflow/.local/lib/python3.8/site-packages/airflow/models/variable.py", line 143, in get
    raise KeyError(f"Variable {key} does not exist")
KeyError: 'Variable actual_num_batches does not exist'
[2025-12-06T19:52:24.393+0000] {processor.py:842} WARNING - No viable dags retrieved from /opt/airflow/dags/pipeline-weather-data.py
[2025-12-06T19:52:24.405+0000] {processor.py:183} INFO - Processing /opt/airflow/dags/pipeline-weather-data.py took 0.466 seconds
[2025-12-06T19:52:54.589+0000] {processor.py:161} INFO - Started process (PID=915) to work on /opt/airflow/dags/pipeline-weather-data.py
[2025-12-06T19:52:54.590+0000] {processor.py:830} INFO - Processing file /opt/airflow/dags/pipeline-weather-data.py for tasks to queue
[2025-12-06T19:52:54.593+0000] {logging_mixin.py:188} INFO - [2025-12-06T19:52:54.593+0000] {dagbag.py:538} INFO - Filling up the DagBag from /opt/airflow/dags/pipeline-weather-data.py
[2025-12-06T19:52:55.231+0000] {logging_mixin.py:188} INFO - [2025-12-06T19:52:55.228+0000] {dagbag.py:348} ERROR - Failed to import: /opt/airflow/dags/pipeline-weather-data.py
Traceback (most recent call last):
  File "/home/airflow/.local/lib/python3.8/site-packages/airflow/models/dagbag.py", line 344, in parse
    loader.exec_module(new_module)
  File "<frozen importlib._bootstrap_external>", line 843, in exec_module
  File "<frozen importlib._bootstrap>", line 219, in _call_with_frames_removed
  File "/opt/airflow/dags/pipeline-weather-data.py", line 270, in <module>
    num_batches = int(Variable.get(f"{weather_data_type_extraction}_num_batches"))
  File "/home/airflow/.local/lib/python3.8/site-packages/airflow/models/variable.py", line 143, in get
    raise KeyError(f"Variable {key} does not exist")
KeyError: 'Variable actual_num_batches does not exist'
[2025-12-06T19:52:55.232+0000] {processor.py:842} WARNING - No viable dags retrieved from /opt/airflow/dags/pipeline-weather-data.py
[2025-12-06T19:52:55.247+0000] {processor.py:183} INFO - Processing /opt/airflow/dags/pipeline-weather-data.py took 0.663 seconds
[2025-12-06T19:53:25.341+0000] {processor.py:161} INFO - Started process (PID=923) to work on /opt/airflow/dags/pipeline-weather-data.py
[2025-12-06T19:53:25.343+0000] {processor.py:830} INFO - Processing file /opt/airflow/dags/pipeline-weather-data.py for tasks to queue
[2025-12-06T19:53:25.345+0000] {logging_mixin.py:188} INFO - [2025-12-06T19:53:25.345+0000] {dagbag.py:538} INFO - Filling up the DagBag from /opt/airflow/dags/pipeline-weather-data.py
[2025-12-06T19:53:25.998+0000] {logging_mixin.py:188} INFO - [2025-12-06T19:53:25.996+0000] {dagbag.py:348} ERROR - Failed to import: /opt/airflow/dags/pipeline-weather-data.py
Traceback (most recent call last):
  File "/home/airflow/.local/lib/python3.8/site-packages/airflow/models/dagbag.py", line 344, in parse
    loader.exec_module(new_module)
  File "<frozen importlib._bootstrap_external>", line 843, in exec_module
  File "<frozen importlib._bootstrap>", line 219, in _call_with_frames_removed
  File "/opt/airflow/dags/pipeline-weather-data.py", line 270, in <module>
    num_batches = int(Variable.get(f"{weather_data_type_extraction}_num_batches"))
  File "/home/airflow/.local/lib/python3.8/site-packages/airflow/models/variable.py", line 143, in get
    raise KeyError(f"Variable {key} does not exist")
KeyError: 'Variable actual_num_batches does not exist'
[2025-12-06T19:53:25.999+0000] {processor.py:842} WARNING - No viable dags retrieved from /opt/airflow/dags/pipeline-weather-data.py
[2025-12-06T19:53:26.009+0000] {processor.py:183} INFO - Processing /opt/airflow/dags/pipeline-weather-data.py took 0.672 seconds
[2025-12-06T19:53:56.214+0000] {processor.py:161} INFO - Started process (PID=931) to work on /opt/airflow/dags/pipeline-weather-data.py
[2025-12-06T19:53:56.215+0000] {processor.py:830} INFO - Processing file /opt/airflow/dags/pipeline-weather-data.py for tasks to queue
[2025-12-06T19:53:56.217+0000] {logging_mixin.py:188} INFO - [2025-12-06T19:53:56.217+0000] {dagbag.py:538} INFO - Filling up the DagBag from /opt/airflow/dags/pipeline-weather-data.py
[2025-12-06T19:53:56.815+0000] {logging_mixin.py:188} INFO - [2025-12-06T19:53:56.813+0000] {dagbag.py:348} ERROR - Failed to import: /opt/airflow/dags/pipeline-weather-data.py
Traceback (most recent call last):
  File "/home/airflow/.local/lib/python3.8/site-packages/airflow/models/dagbag.py", line 344, in parse
    loader.exec_module(new_module)
  File "<frozen importlib._bootstrap_external>", line 843, in exec_module
  File "<frozen importlib._bootstrap>", line 219, in _call_with_frames_removed
  File "/opt/airflow/dags/pipeline-weather-data.py", line 270, in <module>
    num_batches = int(Variable.get(f"{weather_data_type_extraction}_num_batches"))
  File "/home/airflow/.local/lib/python3.8/site-packages/airflow/models/variable.py", line 143, in get
    raise KeyError(f"Variable {key} does not exist")
KeyError: 'Variable actual_num_batches does not exist'
[2025-12-06T19:53:56.816+0000] {processor.py:842} WARNING - No viable dags retrieved from /opt/airflow/dags/pipeline-weather-data.py
[2025-12-06T19:53:56.827+0000] {processor.py:183} INFO - Processing /opt/airflow/dags/pipeline-weather-data.py took 0.617 seconds
[2025-12-06T19:54:27.012+0000] {processor.py:161} INFO - Started process (PID=939) to work on /opt/airflow/dags/pipeline-weather-data.py
[2025-12-06T19:54:27.014+0000] {processor.py:830} INFO - Processing file /opt/airflow/dags/pipeline-weather-data.py for tasks to queue
[2025-12-06T19:54:27.017+0000] {logging_mixin.py:188} INFO - [2025-12-06T19:54:27.017+0000] {dagbag.py:538} INFO - Filling up the DagBag from /opt/airflow/dags/pipeline-weather-data.py
[2025-12-06T19:54:27.643+0000] {logging_mixin.py:188} INFO - [2025-12-06T19:54:27.641+0000] {dagbag.py:348} ERROR - Failed to import: /opt/airflow/dags/pipeline-weather-data.py
Traceback (most recent call last):
  File "/home/airflow/.local/lib/python3.8/site-packages/airflow/models/dagbag.py", line 344, in parse
    loader.exec_module(new_module)
  File "<frozen importlib._bootstrap_external>", line 843, in exec_module
  File "<frozen importlib._bootstrap>", line 219, in _call_with_frames_removed
  File "/opt/airflow/dags/pipeline-weather-data.py", line 270, in <module>
    num_batches = int(Variable.get(f"{weather_data_type_extraction}_num_batches"))
  File "/home/airflow/.local/lib/python3.8/site-packages/airflow/models/variable.py", line 143, in get
    raise KeyError(f"Variable {key} does not exist")
KeyError: 'Variable actual_num_batches does not exist'
[2025-12-06T19:54:27.644+0000] {processor.py:842} WARNING - No viable dags retrieved from /opt/airflow/dags/pipeline-weather-data.py
[2025-12-06T19:54:27.654+0000] {processor.py:183} INFO - Processing /opt/airflow/dags/pipeline-weather-data.py took 0.646 seconds
[2025-12-06T19:54:57.867+0000] {processor.py:161} INFO - Started process (PID=947) to work on /opt/airflow/dags/pipeline-weather-data.py
[2025-12-06T19:54:57.868+0000] {processor.py:830} INFO - Processing file /opt/airflow/dags/pipeline-weather-data.py for tasks to queue
[2025-12-06T19:54:57.871+0000] {logging_mixin.py:188} INFO - [2025-12-06T19:54:57.871+0000] {dagbag.py:538} INFO - Filling up the DagBag from /opt/airflow/dags/pipeline-weather-data.py
[2025-12-06T19:54:58.408+0000] {logging_mixin.py:188} INFO - [2025-12-06T19:54:58.406+0000] {dagbag.py:348} ERROR - Failed to import: /opt/airflow/dags/pipeline-weather-data.py
Traceback (most recent call last):
  File "/home/airflow/.local/lib/python3.8/site-packages/airflow/models/dagbag.py", line 344, in parse
    loader.exec_module(new_module)
  File "<frozen importlib._bootstrap_external>", line 843, in exec_module
  File "<frozen importlib._bootstrap>", line 219, in _call_with_frames_removed
  File "/opt/airflow/dags/pipeline-weather-data.py", line 270, in <module>
    num_batches = int(Variable.get(f"{weather_data_type_extraction}_num_batches"))
  File "/home/airflow/.local/lib/python3.8/site-packages/airflow/models/variable.py", line 143, in get
    raise KeyError(f"Variable {key} does not exist")
KeyError: 'Variable actual_num_batches does not exist'
[2025-12-06T19:54:58.408+0000] {processor.py:842} WARNING - No viable dags retrieved from /opt/airflow/dags/pipeline-weather-data.py
[2025-12-06T19:54:58.417+0000] {processor.py:183} INFO - Processing /opt/airflow/dags/pipeline-weather-data.py took 0.555 seconds
[2025-12-06T19:55:28.473+0000] {processor.py:161} INFO - Started process (PID=955) to work on /opt/airflow/dags/pipeline-weather-data.py
[2025-12-06T19:55:28.475+0000] {processor.py:830} INFO - Processing file /opt/airflow/dags/pipeline-weather-data.py for tasks to queue
[2025-12-06T19:55:28.478+0000] {logging_mixin.py:188} INFO - [2025-12-06T19:55:28.478+0000] {dagbag.py:538} INFO - Filling up the DagBag from /opt/airflow/dags/pipeline-weather-data.py
[2025-12-06T19:55:29.089+0000] {logging_mixin.py:188} INFO - [2025-12-06T19:55:29.087+0000] {dagbag.py:348} ERROR - Failed to import: /opt/airflow/dags/pipeline-weather-data.py
Traceback (most recent call last):
  File "/home/airflow/.local/lib/python3.8/site-packages/airflow/models/dagbag.py", line 344, in parse
    loader.exec_module(new_module)
  File "<frozen importlib._bootstrap_external>", line 843, in exec_module
  File "<frozen importlib._bootstrap>", line 219, in _call_with_frames_removed
  File "/opt/airflow/dags/pipeline-weather-data.py", line 270, in <module>
    num_batches = int(Variable.get(f"{weather_data_type_extraction}_num_batches"))
  File "/home/airflow/.local/lib/python3.8/site-packages/airflow/models/variable.py", line 143, in get
    raise KeyError(f"Variable {key} does not exist")
KeyError: 'Variable actual_num_batches does not exist'
[2025-12-06T19:55:29.089+0000] {processor.py:842} WARNING - No viable dags retrieved from /opt/airflow/dags/pipeline-weather-data.py
[2025-12-06T19:55:29.100+0000] {processor.py:183} INFO - Processing /opt/airflow/dags/pipeline-weather-data.py took 0.646 seconds
[2025-12-06T19:55:59.294+0000] {processor.py:161} INFO - Started process (PID=963) to work on /opt/airflow/dags/pipeline-weather-data.py
[2025-12-06T19:55:59.295+0000] {processor.py:830} INFO - Processing file /opt/airflow/dags/pipeline-weather-data.py for tasks to queue
[2025-12-06T19:55:59.298+0000] {logging_mixin.py:188} INFO - [2025-12-06T19:55:59.297+0000] {dagbag.py:538} INFO - Filling up the DagBag from /opt/airflow/dags/pipeline-weather-data.py
[2025-12-06T19:55:59.963+0000] {logging_mixin.py:188} INFO - [2025-12-06T19:55:59.961+0000] {dagbag.py:348} ERROR - Failed to import: /opt/airflow/dags/pipeline-weather-data.py
Traceback (most recent call last):
  File "/home/airflow/.local/lib/python3.8/site-packages/airflow/models/dagbag.py", line 344, in parse
    loader.exec_module(new_module)
  File "<frozen importlib._bootstrap_external>", line 843, in exec_module
  File "<frozen importlib._bootstrap>", line 219, in _call_with_frames_removed
  File "/opt/airflow/dags/pipeline-weather-data.py", line 270, in <module>
    num_batches = int(Variable.get(f"{weather_data_type_extraction}_num_batches"))
  File "/home/airflow/.local/lib/python3.8/site-packages/airflow/models/variable.py", line 143, in get
    raise KeyError(f"Variable {key} does not exist")
KeyError: 'Variable actual_num_batches does not exist'
[2025-12-06T19:55:59.964+0000] {processor.py:842} WARNING - No viable dags retrieved from /opt/airflow/dags/pipeline-weather-data.py
[2025-12-06T19:55:59.974+0000] {processor.py:183} INFO - Processing /opt/airflow/dags/pipeline-weather-data.py took 0.683 seconds
[2025-12-06T19:56:30.163+0000] {processor.py:161} INFO - Started process (PID=971) to work on /opt/airflow/dags/pipeline-weather-data.py
[2025-12-06T19:56:30.164+0000] {processor.py:830} INFO - Processing file /opt/airflow/dags/pipeline-weather-data.py for tasks to queue
[2025-12-06T19:56:30.166+0000] {logging_mixin.py:188} INFO - [2025-12-06T19:56:30.166+0000] {dagbag.py:538} INFO - Filling up the DagBag from /opt/airflow/dags/pipeline-weather-data.py
[2025-12-06T19:56:30.739+0000] {logging_mixin.py:188} INFO - [2025-12-06T19:56:30.737+0000] {dagbag.py:348} ERROR - Failed to import: /opt/airflow/dags/pipeline-weather-data.py
Traceback (most recent call last):
  File "/home/airflow/.local/lib/python3.8/site-packages/airflow/models/dagbag.py", line 344, in parse
    loader.exec_module(new_module)
  File "<frozen importlib._bootstrap_external>", line 843, in exec_module
  File "<frozen importlib._bootstrap>", line 219, in _call_with_frames_removed
  File "/opt/airflow/dags/pipeline-weather-data.py", line 270, in <module>
    num_batches = int(Variable.get(f"{weather_data_type_extraction}_num_batches"))
  File "/home/airflow/.local/lib/python3.8/site-packages/airflow/models/variable.py", line 143, in get
    raise KeyError(f"Variable {key} does not exist")
KeyError: 'Variable actual_num_batches does not exist'
[2025-12-06T19:56:30.739+0000] {processor.py:842} WARNING - No viable dags retrieved from /opt/airflow/dags/pipeline-weather-data.py
[2025-12-06T19:56:30.748+0000] {processor.py:183} INFO - Processing /opt/airflow/dags/pipeline-weather-data.py took 0.590 seconds
[2025-12-06T19:57:00.969+0000] {processor.py:161} INFO - Started process (PID=979) to work on /opt/airflow/dags/pipeline-weather-data.py
[2025-12-06T19:57:00.970+0000] {processor.py:830} INFO - Processing file /opt/airflow/dags/pipeline-weather-data.py for tasks to queue
[2025-12-06T19:57:00.973+0000] {logging_mixin.py:188} INFO - [2025-12-06T19:57:00.973+0000] {dagbag.py:538} INFO - Filling up the DagBag from /opt/airflow/dags/pipeline-weather-data.py
[2025-12-06T19:57:01.603+0000] {logging_mixin.py:188} INFO - [2025-12-06T19:57:01.601+0000] {dagbag.py:348} ERROR - Failed to import: /opt/airflow/dags/pipeline-weather-data.py
Traceback (most recent call last):
  File "/home/airflow/.local/lib/python3.8/site-packages/airflow/models/dagbag.py", line 344, in parse
    loader.exec_module(new_module)
  File "<frozen importlib._bootstrap_external>", line 843, in exec_module
  File "<frozen importlib._bootstrap>", line 219, in _call_with_frames_removed
  File "/opt/airflow/dags/pipeline-weather-data.py", line 270, in <module>
    num_batches = int(Variable.get(f"{weather_data_type_extraction}_num_batches"))
  File "/home/airflow/.local/lib/python3.8/site-packages/airflow/models/variable.py", line 143, in get
    raise KeyError(f"Variable {key} does not exist")
KeyError: 'Variable actual_num_batches does not exist'
[2025-12-06T19:57:01.604+0000] {processor.py:842} WARNING - No viable dags retrieved from /opt/airflow/dags/pipeline-weather-data.py
[2025-12-06T19:57:01.621+0000] {processor.py:183} INFO - Processing /opt/airflow/dags/pipeline-weather-data.py took 0.657 seconds
[2025-12-06T19:57:31.821+0000] {processor.py:161} INFO - Started process (PID=987) to work on /opt/airflow/dags/pipeline-weather-data.py
[2025-12-06T19:57:31.822+0000] {processor.py:830} INFO - Processing file /opt/airflow/dags/pipeline-weather-data.py for tasks to queue
[2025-12-06T19:57:31.826+0000] {logging_mixin.py:188} INFO - [2025-12-06T19:57:31.825+0000] {dagbag.py:538} INFO - Filling up the DagBag from /opt/airflow/dags/pipeline-weather-data.py
[2025-12-06T19:57:32.527+0000] {logging_mixin.py:188} INFO - [2025-12-06T19:57:32.525+0000] {dagbag.py:348} ERROR - Failed to import: /opt/airflow/dags/pipeline-weather-data.py
Traceback (most recent call last):
  File "/home/airflow/.local/lib/python3.8/site-packages/airflow/models/dagbag.py", line 344, in parse
    loader.exec_module(new_module)
  File "<frozen importlib._bootstrap_external>", line 843, in exec_module
  File "<frozen importlib._bootstrap>", line 219, in _call_with_frames_removed
  File "/opt/airflow/dags/pipeline-weather-data.py", line 270, in <module>
    num_batches = int(Variable.get(f"{weather_data_type_extraction}_num_batches"))
  File "/home/airflow/.local/lib/python3.8/site-packages/airflow/models/variable.py", line 143, in get
    raise KeyError(f"Variable {key} does not exist")
KeyError: 'Variable actual_num_batches does not exist'
[2025-12-06T19:57:32.527+0000] {processor.py:842} WARNING - No viable dags retrieved from /opt/airflow/dags/pipeline-weather-data.py
[2025-12-06T19:57:32.537+0000] {processor.py:183} INFO - Processing /opt/airflow/dags/pipeline-weather-data.py took 0.721 seconds
[2025-12-06T19:58:02.710+0000] {processor.py:161} INFO - Started process (PID=995) to work on /opt/airflow/dags/pipeline-weather-data.py
[2025-12-06T19:58:02.711+0000] {processor.py:830} INFO - Processing file /opt/airflow/dags/pipeline-weather-data.py for tasks to queue
[2025-12-06T19:58:02.714+0000] {logging_mixin.py:188} INFO - [2025-12-06T19:58:02.714+0000] {dagbag.py:538} INFO - Filling up the DagBag from /opt/airflow/dags/pipeline-weather-data.py
[2025-12-06T19:58:03.249+0000] {logging_mixin.py:188} INFO - [2025-12-06T19:58:03.247+0000] {dagbag.py:348} ERROR - Failed to import: /opt/airflow/dags/pipeline-weather-data.py
Traceback (most recent call last):
  File "/home/airflow/.local/lib/python3.8/site-packages/airflow/models/dagbag.py", line 344, in parse
    loader.exec_module(new_module)
  File "<frozen importlib._bootstrap_external>", line 843, in exec_module
  File "<frozen importlib._bootstrap>", line 219, in _call_with_frames_removed
  File "/opt/airflow/dags/pipeline-weather-data.py", line 270, in <module>
    num_batches = int(Variable.get(f"{weather_data_type_extraction}_num_batches"))
  File "/home/airflow/.local/lib/python3.8/site-packages/airflow/models/variable.py", line 143, in get
    raise KeyError(f"Variable {key} does not exist")
KeyError: 'Variable actual_num_batches does not exist'
[2025-12-06T19:58:03.250+0000] {processor.py:842} WARNING - No viable dags retrieved from /opt/airflow/dags/pipeline-weather-data.py
[2025-12-06T19:58:03.258+0000] {processor.py:183} INFO - Processing /opt/airflow/dags/pipeline-weather-data.py took 0.553 seconds
[2025-12-06T19:58:33.522+0000] {processor.py:161} INFO - Started process (PID=1002) to work on /opt/airflow/dags/pipeline-weather-data.py
[2025-12-06T19:58:33.524+0000] {processor.py:830} INFO - Processing file /opt/airflow/dags/pipeline-weather-data.py for tasks to queue
[2025-12-06T19:58:33.527+0000] {logging_mixin.py:188} INFO - [2025-12-06T19:58:33.526+0000] {dagbag.py:538} INFO - Filling up the DagBag from /opt/airflow/dags/pipeline-weather-data.py
[2025-12-06T19:58:34.099+0000] {logging_mixin.py:188} INFO - [2025-12-06T19:58:34.097+0000] {dagbag.py:348} ERROR - Failed to import: /opt/airflow/dags/pipeline-weather-data.py
Traceback (most recent call last):
  File "/home/airflow/.local/lib/python3.8/site-packages/airflow/models/dagbag.py", line 344, in parse
    loader.exec_module(new_module)
  File "<frozen importlib._bootstrap_external>", line 843, in exec_module
  File "<frozen importlib._bootstrap>", line 219, in _call_with_frames_removed
  File "/opt/airflow/dags/pipeline-weather-data.py", line 270, in <module>
    num_batches = int(Variable.get(f"{weather_data_type_extraction}_num_batches"))
  File "/home/airflow/.local/lib/python3.8/site-packages/airflow/models/variable.py", line 143, in get
    raise KeyError(f"Variable {key} does not exist")
KeyError: 'Variable actual_num_batches does not exist'
[2025-12-06T19:58:34.100+0000] {processor.py:842} WARNING - No viable dags retrieved from /opt/airflow/dags/pipeline-weather-data.py
[2025-12-06T19:58:34.110+0000] {processor.py:183} INFO - Processing /opt/airflow/dags/pipeline-weather-data.py took 0.593 seconds
[2025-12-06T19:59:04.295+0000] {processor.py:161} INFO - Started process (PID=1010) to work on /opt/airflow/dags/pipeline-weather-data.py
[2025-12-06T19:59:04.296+0000] {processor.py:830} INFO - Processing file /opt/airflow/dags/pipeline-weather-data.py for tasks to queue
[2025-12-06T19:59:04.298+0000] {logging_mixin.py:188} INFO - [2025-12-06T19:59:04.298+0000] {dagbag.py:538} INFO - Filling up the DagBag from /opt/airflow/dags/pipeline-weather-data.py
[2025-12-06T19:59:04.953+0000] {logging_mixin.py:188} INFO - [2025-12-06T19:59:04.951+0000] {dagbag.py:348} ERROR - Failed to import: /opt/airflow/dags/pipeline-weather-data.py
Traceback (most recent call last):
  File "/home/airflow/.local/lib/python3.8/site-packages/airflow/models/dagbag.py", line 344, in parse
    loader.exec_module(new_module)
  File "<frozen importlib._bootstrap_external>", line 843, in exec_module
  File "<frozen importlib._bootstrap>", line 219, in _call_with_frames_removed
  File "/opt/airflow/dags/pipeline-weather-data.py", line 270, in <module>
    num_batches = int(Variable.get(f"{weather_data_type_extraction}_num_batches"))
  File "/home/airflow/.local/lib/python3.8/site-packages/airflow/models/variable.py", line 143, in get
    raise KeyError(f"Variable {key} does not exist")
KeyError: 'Variable actual_num_batches does not exist'
[2025-12-06T19:59:04.954+0000] {processor.py:842} WARNING - No viable dags retrieved from /opt/airflow/dags/pipeline-weather-data.py
[2025-12-06T19:59:04.976+0000] {processor.py:183} INFO - Processing /opt/airflow/dags/pipeline-weather-data.py took 0.684 seconds
[2025-12-06T19:59:35.230+0000] {processor.py:161} INFO - Started process (PID=1018) to work on /opt/airflow/dags/pipeline-weather-data.py
[2025-12-06T19:59:35.231+0000] {processor.py:830} INFO - Processing file /opt/airflow/dags/pipeline-weather-data.py for tasks to queue
[2025-12-06T19:59:35.235+0000] {logging_mixin.py:188} INFO - [2025-12-06T19:59:35.234+0000] {dagbag.py:538} INFO - Filling up the DagBag from /opt/airflow/dags/pipeline-weather-data.py
[2025-12-06T19:59:35.825+0000] {logging_mixin.py:188} INFO - [2025-12-06T19:59:35.823+0000] {dagbag.py:348} ERROR - Failed to import: /opt/airflow/dags/pipeline-weather-data.py
Traceback (most recent call last):
  File "/home/airflow/.local/lib/python3.8/site-packages/airflow/models/dagbag.py", line 344, in parse
    loader.exec_module(new_module)
  File "<frozen importlib._bootstrap_external>", line 843, in exec_module
  File "<frozen importlib._bootstrap>", line 219, in _call_with_frames_removed
  File "/opt/airflow/dags/pipeline-weather-data.py", line 270, in <module>
    num_batches = int(Variable.get(f"{weather_data_type_extraction}_num_batches"))
  File "/home/airflow/.local/lib/python3.8/site-packages/airflow/models/variable.py", line 143, in get
    raise KeyError(f"Variable {key} does not exist")
KeyError: 'Variable actual_num_batches does not exist'
[2025-12-06T19:59:35.826+0000] {processor.py:842} WARNING - No viable dags retrieved from /opt/airflow/dags/pipeline-weather-data.py
[2025-12-06T19:59:35.839+0000] {processor.py:183} INFO - Processing /opt/airflow/dags/pipeline-weather-data.py took 0.614 seconds
[2025-12-06T20:00:06.040+0000] {processor.py:161} INFO - Started process (PID=1025) to work on /opt/airflow/dags/pipeline-weather-data.py
[2025-12-06T20:00:06.041+0000] {processor.py:830} INFO - Processing file /opt/airflow/dags/pipeline-weather-data.py for tasks to queue
[2025-12-06T20:00:06.045+0000] {logging_mixin.py:188} INFO - [2025-12-06T20:00:06.045+0000] {dagbag.py:538} INFO - Filling up the DagBag from /opt/airflow/dags/pipeline-weather-data.py
[2025-12-06T20:00:06.793+0000] {logging_mixin.py:188} INFO - [2025-12-06T20:00:06.791+0000] {dagbag.py:348} ERROR - Failed to import: /opt/airflow/dags/pipeline-weather-data.py
Traceback (most recent call last):
  File "/home/airflow/.local/lib/python3.8/site-packages/airflow/models/dagbag.py", line 344, in parse
    loader.exec_module(new_module)
  File "<frozen importlib._bootstrap_external>", line 843, in exec_module
  File "<frozen importlib._bootstrap>", line 219, in _call_with_frames_removed
  File "/opt/airflow/dags/pipeline-weather-data.py", line 270, in <module>
    num_batches = int(Variable.get(f"{weather_data_type_extraction}_num_batches"))
  File "/home/airflow/.local/lib/python3.8/site-packages/airflow/models/variable.py", line 143, in get
    raise KeyError(f"Variable {key} does not exist")
KeyError: 'Variable actual_num_batches does not exist'
[2025-12-06T20:00:06.794+0000] {processor.py:842} WARNING - No viable dags retrieved from /opt/airflow/dags/pipeline-weather-data.py
[2025-12-06T20:00:06.805+0000] {processor.py:183} INFO - Processing /opt/airflow/dags/pipeline-weather-data.py took 0.771 seconds
[2025-12-06T20:00:36.985+0000] {processor.py:161} INFO - Started process (PID=1033) to work on /opt/airflow/dags/pipeline-weather-data.py
[2025-12-06T20:00:36.987+0000] {processor.py:830} INFO - Processing file /opt/airflow/dags/pipeline-weather-data.py for tasks to queue
[2025-12-06T20:00:36.990+0000] {logging_mixin.py:188} INFO - [2025-12-06T20:00:36.989+0000] {dagbag.py:538} INFO - Filling up the DagBag from /opt/airflow/dags/pipeline-weather-data.py
[2025-12-06T20:00:37.591+0000] {logging_mixin.py:188} INFO - [2025-12-06T20:00:37.590+0000] {dagbag.py:348} ERROR - Failed to import: /opt/airflow/dags/pipeline-weather-data.py
Traceback (most recent call last):
  File "/home/airflow/.local/lib/python3.8/site-packages/airflow/models/dagbag.py", line 344, in parse
    loader.exec_module(new_module)
  File "<frozen importlib._bootstrap_external>", line 843, in exec_module
  File "<frozen importlib._bootstrap>", line 219, in _call_with_frames_removed
  File "/opt/airflow/dags/pipeline-weather-data.py", line 270, in <module>
    num_batches = int(Variable.get(f"{weather_data_type_extraction}_num_batches"))
  File "/home/airflow/.local/lib/python3.8/site-packages/airflow/models/variable.py", line 143, in get
    raise KeyError(f"Variable {key} does not exist")
KeyError: 'Variable actual_num_batches does not exist'
[2025-12-06T20:00:37.592+0000] {processor.py:842} WARNING - No viable dags retrieved from /opt/airflow/dags/pipeline-weather-data.py
[2025-12-06T20:00:37.601+0000] {processor.py:183} INFO - Processing /opt/airflow/dags/pipeline-weather-data.py took 0.621 seconds
[2025-12-06T20:01:07.867+0000] {processor.py:161} INFO - Started process (PID=1041) to work on /opt/airflow/dags/pipeline-weather-data.py
[2025-12-06T20:01:07.869+0000] {processor.py:830} INFO - Processing file /opt/airflow/dags/pipeline-weather-data.py for tasks to queue
[2025-12-06T20:01:07.872+0000] {logging_mixin.py:188} INFO - [2025-12-06T20:01:07.871+0000] {dagbag.py:538} INFO - Filling up the DagBag from /opt/airflow/dags/pipeline-weather-data.py
[2025-12-06T20:01:08.474+0000] {logging_mixin.py:188} INFO - [2025-12-06T20:01:08.472+0000] {dagbag.py:348} ERROR - Failed to import: /opt/airflow/dags/pipeline-weather-data.py
Traceback (most recent call last):
  File "/home/airflow/.local/lib/python3.8/site-packages/airflow/models/dagbag.py", line 344, in parse
    loader.exec_module(new_module)
  File "<frozen importlib._bootstrap_external>", line 843, in exec_module
  File "<frozen importlib._bootstrap>", line 219, in _call_with_frames_removed
  File "/opt/airflow/dags/pipeline-weather-data.py", line 270, in <module>
    num_batches = int(Variable.get(f"{weather_data_type_extraction}_num_batches"))
  File "/home/airflow/.local/lib/python3.8/site-packages/airflow/models/variable.py", line 143, in get
    raise KeyError(f"Variable {key} does not exist")
KeyError: 'Variable actual_num_batches does not exist'
[2025-12-06T20:01:08.474+0000] {processor.py:842} WARNING - No viable dags retrieved from /opt/airflow/dags/pipeline-weather-data.py
[2025-12-06T20:01:08.484+0000] {processor.py:183} INFO - Processing /opt/airflow/dags/pipeline-weather-data.py took 0.622 seconds
[2025-12-06T20:01:38.668+0000] {processor.py:161} INFO - Started process (PID=1049) to work on /opt/airflow/dags/pipeline-weather-data.py
[2025-12-06T20:01:38.669+0000] {processor.py:830} INFO - Processing file /opt/airflow/dags/pipeline-weather-data.py for tasks to queue
[2025-12-06T20:01:38.672+0000] {logging_mixin.py:188} INFO - [2025-12-06T20:01:38.672+0000] {dagbag.py:538} INFO - Filling up the DagBag from /opt/airflow/dags/pipeline-weather-data.py
[2025-12-06T20:01:39.283+0000] {logging_mixin.py:188} INFO - [2025-12-06T20:01:39.281+0000] {dagbag.py:348} ERROR - Failed to import: /opt/airflow/dags/pipeline-weather-data.py
Traceback (most recent call last):
  File "/home/airflow/.local/lib/python3.8/site-packages/airflow/models/dagbag.py", line 344, in parse
    loader.exec_module(new_module)
  File "<frozen importlib._bootstrap_external>", line 843, in exec_module
  File "<frozen importlib._bootstrap>", line 219, in _call_with_frames_removed
  File "/opt/airflow/dags/pipeline-weather-data.py", line 270, in <module>
    num_batches = int(Variable.get(f"{weather_data_type_extraction}_num_batches"))
  File "/home/airflow/.local/lib/python3.8/site-packages/airflow/models/variable.py", line 143, in get
    raise KeyError(f"Variable {key} does not exist")
KeyError: 'Variable actual_num_batches does not exist'
[2025-12-06T20:01:39.283+0000] {processor.py:842} WARNING - No viable dags retrieved from /opt/airflow/dags/pipeline-weather-data.py
[2025-12-06T20:01:39.292+0000] {processor.py:183} INFO - Processing /opt/airflow/dags/pipeline-weather-data.py took 0.628 seconds
[2025-12-06T20:02:09.494+0000] {processor.py:161} INFO - Started process (PID=1057) to work on /opt/airflow/dags/pipeline-weather-data.py
[2025-12-06T20:02:09.495+0000] {processor.py:830} INFO - Processing file /opt/airflow/dags/pipeline-weather-data.py for tasks to queue
[2025-12-06T20:02:09.498+0000] {logging_mixin.py:188} INFO - [2025-12-06T20:02:09.498+0000] {dagbag.py:538} INFO - Filling up the DagBag from /opt/airflow/dags/pipeline-weather-data.py
[2025-12-06T20:02:10.069+0000] {logging_mixin.py:188} INFO - [2025-12-06T20:02:10.068+0000] {dagbag.py:348} ERROR - Failed to import: /opt/airflow/dags/pipeline-weather-data.py
Traceback (most recent call last):
  File "/home/airflow/.local/lib/python3.8/site-packages/airflow/models/dagbag.py", line 344, in parse
    loader.exec_module(new_module)
  File "<frozen importlib._bootstrap_external>", line 843, in exec_module
  File "<frozen importlib._bootstrap>", line 219, in _call_with_frames_removed
  File "/opt/airflow/dags/pipeline-weather-data.py", line 270, in <module>
    num_batches = int(Variable.get(f"{weather_data_type_extraction}_num_batches"))
  File "/home/airflow/.local/lib/python3.8/site-packages/airflow/models/variable.py", line 143, in get
    raise KeyError(f"Variable {key} does not exist")
KeyError: 'Variable actual_num_batches does not exist'
[2025-12-06T20:02:10.070+0000] {processor.py:842} WARNING - No viable dags retrieved from /opt/airflow/dags/pipeline-weather-data.py
[2025-12-06T20:02:10.078+0000] {processor.py:183} INFO - Processing /opt/airflow/dags/pipeline-weather-data.py took 0.589 seconds
[2025-12-06T20:02:40.324+0000] {processor.py:161} INFO - Started process (PID=1065) to work on /opt/airflow/dags/pipeline-weather-data.py
[2025-12-06T20:02:40.326+0000] {processor.py:830} INFO - Processing file /opt/airflow/dags/pipeline-weather-data.py for tasks to queue
[2025-12-06T20:02:40.329+0000] {logging_mixin.py:188} INFO - [2025-12-06T20:02:40.328+0000] {dagbag.py:538} INFO - Filling up the DagBag from /opt/airflow/dags/pipeline-weather-data.py
[2025-12-06T20:02:41.065+0000] {logging_mixin.py:188} INFO - [2025-12-06T20:02:41.063+0000] {dagbag.py:348} ERROR - Failed to import: /opt/airflow/dags/pipeline-weather-data.py
Traceback (most recent call last):
  File "/home/airflow/.local/lib/python3.8/site-packages/airflow/models/dagbag.py", line 344, in parse
    loader.exec_module(new_module)
  File "<frozen importlib._bootstrap_external>", line 843, in exec_module
  File "<frozen importlib._bootstrap>", line 219, in _call_with_frames_removed
  File "/opt/airflow/dags/pipeline-weather-data.py", line 270, in <module>
    num_batches = int(Variable.get(f"{weather_data_type_extraction}_num_batches"))
  File "/home/airflow/.local/lib/python3.8/site-packages/airflow/models/variable.py", line 143, in get
    raise KeyError(f"Variable {key} does not exist")
KeyError: 'Variable actual_num_batches does not exist'
[2025-12-06T20:02:41.065+0000] {processor.py:842} WARNING - No viable dags retrieved from /opt/airflow/dags/pipeline-weather-data.py
[2025-12-06T20:02:41.079+0000] {processor.py:183} INFO - Processing /opt/airflow/dags/pipeline-weather-data.py took 0.759 seconds
[2025-12-06T20:03:11.280+0000] {processor.py:161} INFO - Started process (PID=1073) to work on /opt/airflow/dags/pipeline-weather-data.py
[2025-12-06T20:03:11.281+0000] {processor.py:830} INFO - Processing file /opt/airflow/dags/pipeline-weather-data.py for tasks to queue
[2025-12-06T20:03:11.284+0000] {logging_mixin.py:188} INFO - [2025-12-06T20:03:11.284+0000] {dagbag.py:538} INFO - Filling up the DagBag from /opt/airflow/dags/pipeline-weather-data.py
[2025-12-06T20:03:11.877+0000] {logging_mixin.py:188} INFO - [2025-12-06T20:03:11.875+0000] {dagbag.py:348} ERROR - Failed to import: /opt/airflow/dags/pipeline-weather-data.py
Traceback (most recent call last):
  File "/home/airflow/.local/lib/python3.8/site-packages/airflow/models/dagbag.py", line 344, in parse
    loader.exec_module(new_module)
  File "<frozen importlib._bootstrap_external>", line 843, in exec_module
  File "<frozen importlib._bootstrap>", line 219, in _call_with_frames_removed
  File "/opt/airflow/dags/pipeline-weather-data.py", line 270, in <module>
    num_batches = int(Variable.get(f"{weather_data_type_extraction}_num_batches"))
  File "/home/airflow/.local/lib/python3.8/site-packages/airflow/models/variable.py", line 143, in get
    raise KeyError(f"Variable {key} does not exist")
KeyError: 'Variable actual_num_batches does not exist'
[2025-12-06T20:03:11.878+0000] {processor.py:842} WARNING - No viable dags retrieved from /opt/airflow/dags/pipeline-weather-data.py
[2025-12-06T20:03:11.887+0000] {processor.py:183} INFO - Processing /opt/airflow/dags/pipeline-weather-data.py took 0.611 seconds
[2025-12-06T20:03:42.073+0000] {processor.py:161} INFO - Started process (PID=1081) to work on /opt/airflow/dags/pipeline-weather-data.py
[2025-12-06T20:03:42.075+0000] {processor.py:830} INFO - Processing file /opt/airflow/dags/pipeline-weather-data.py for tasks to queue
[2025-12-06T20:03:42.078+0000] {logging_mixin.py:188} INFO - [2025-12-06T20:03:42.078+0000] {dagbag.py:538} INFO - Filling up the DagBag from /opt/airflow/dags/pipeline-weather-data.py
[2025-12-06T20:03:42.716+0000] {logging_mixin.py:188} INFO - [2025-12-06T20:03:42.713+0000] {dagbag.py:348} ERROR - Failed to import: /opt/airflow/dags/pipeline-weather-data.py
Traceback (most recent call last):
  File "/home/airflow/.local/lib/python3.8/site-packages/airflow/models/dagbag.py", line 344, in parse
    loader.exec_module(new_module)
  File "<frozen importlib._bootstrap_external>", line 843, in exec_module
  File "<frozen importlib._bootstrap>", line 219, in _call_with_frames_removed
  File "/opt/airflow/dags/pipeline-weather-data.py", line 270, in <module>
    num_batches = int(Variable.get(f"{weather_data_type_extraction}_num_batches"))
  File "/home/airflow/.local/lib/python3.8/site-packages/airflow/models/variable.py", line 143, in get
    raise KeyError(f"Variable {key} does not exist")
KeyError: 'Variable actual_num_batches does not exist'
[2025-12-06T20:03:42.717+0000] {processor.py:842} WARNING - No viable dags retrieved from /opt/airflow/dags/pipeline-weather-data.py
[2025-12-06T20:03:42.728+0000] {processor.py:183} INFO - Processing /opt/airflow/dags/pipeline-weather-data.py took 0.660 seconds
[2025-12-06T20:04:12.916+0000] {processor.py:161} INFO - Started process (PID=1088) to work on /opt/airflow/dags/pipeline-weather-data.py
[2025-12-06T20:04:12.917+0000] {processor.py:830} INFO - Processing file /opt/airflow/dags/pipeline-weather-data.py for tasks to queue
[2025-12-06T20:04:12.920+0000] {logging_mixin.py:188} INFO - [2025-12-06T20:04:12.920+0000] {dagbag.py:538} INFO - Filling up the DagBag from /opt/airflow/dags/pipeline-weather-data.py
[2025-12-06T20:04:13.629+0000] {logging_mixin.py:188} INFO - [2025-12-06T20:04:13.627+0000] {dagbag.py:348} ERROR - Failed to import: /opt/airflow/dags/pipeline-weather-data.py
Traceback (most recent call last):
  File "/home/airflow/.local/lib/python3.8/site-packages/airflow/models/dagbag.py", line 344, in parse
    loader.exec_module(new_module)
  File "<frozen importlib._bootstrap_external>", line 843, in exec_module
  File "<frozen importlib._bootstrap>", line 219, in _call_with_frames_removed
  File "/opt/airflow/dags/pipeline-weather-data.py", line 270, in <module>
    num_batches = int(Variable.get(f"{weather_data_type_extraction}_num_batches"))
  File "/home/airflow/.local/lib/python3.8/site-packages/airflow/models/variable.py", line 143, in get
    raise KeyError(f"Variable {key} does not exist")
KeyError: 'Variable actual_num_batches does not exist'
[2025-12-06T20:04:13.629+0000] {processor.py:842} WARNING - No viable dags retrieved from /opt/airflow/dags/pipeline-weather-data.py
[2025-12-06T20:04:13.639+0000] {processor.py:183} INFO - Processing /opt/airflow/dags/pipeline-weather-data.py took 0.726 seconds
[2025-12-06T20:04:43.856+0000] {processor.py:161} INFO - Started process (PID=1096) to work on /opt/airflow/dags/pipeline-weather-data.py
[2025-12-06T20:04:43.858+0000] {processor.py:830} INFO - Processing file /opt/airflow/dags/pipeline-weather-data.py for tasks to queue
[2025-12-06T20:04:43.861+0000] {logging_mixin.py:188} INFO - [2025-12-06T20:04:43.860+0000] {dagbag.py:538} INFO - Filling up the DagBag from /opt/airflow/dags/pipeline-weather-data.py
[2025-12-06T20:04:44.492+0000] {logging_mixin.py:188} INFO - [2025-12-06T20:04:44.490+0000] {dagbag.py:348} ERROR - Failed to import: /opt/airflow/dags/pipeline-weather-data.py
Traceback (most recent call last):
  File "/home/airflow/.local/lib/python3.8/site-packages/airflow/models/dagbag.py", line 344, in parse
    loader.exec_module(new_module)
  File "<frozen importlib._bootstrap_external>", line 843, in exec_module
  File "<frozen importlib._bootstrap>", line 219, in _call_with_frames_removed
  File "/opt/airflow/dags/pipeline-weather-data.py", line 270, in <module>
    num_batches = int(Variable.get(f"{weather_data_type_extraction}_num_batches"))
  File "/home/airflow/.local/lib/python3.8/site-packages/airflow/models/variable.py", line 143, in get
    raise KeyError(f"Variable {key} does not exist")
KeyError: 'Variable actual_num_batches does not exist'
[2025-12-06T20:04:44.493+0000] {processor.py:842} WARNING - No viable dags retrieved from /opt/airflow/dags/pipeline-weather-data.py
[2025-12-06T20:04:44.503+0000] {processor.py:183} INFO - Processing /opt/airflow/dags/pipeline-weather-data.py took 0.651 seconds
[2025-12-06T20:05:14.742+0000] {processor.py:161} INFO - Started process (PID=1110) to work on /opt/airflow/dags/pipeline-weather-data.py
[2025-12-06T20:05:14.743+0000] {processor.py:830} INFO - Processing file /opt/airflow/dags/pipeline-weather-data.py for tasks to queue
[2025-12-06T20:05:14.747+0000] {logging_mixin.py:188} INFO - [2025-12-06T20:05:14.746+0000] {dagbag.py:538} INFO - Filling up the DagBag from /opt/airflow/dags/pipeline-weather-data.py
[2025-12-06T20:05:15.431+0000] {logging_mixin.py:188} INFO - [2025-12-06T20:05:15.429+0000] {dagbag.py:348} ERROR - Failed to import: /opt/airflow/dags/pipeline-weather-data.py
Traceback (most recent call last):
  File "/home/airflow/.local/lib/python3.8/site-packages/airflow/models/dagbag.py", line 344, in parse
    loader.exec_module(new_module)
  File "<frozen importlib._bootstrap_external>", line 843, in exec_module
  File "<frozen importlib._bootstrap>", line 219, in _call_with_frames_removed
  File "/opt/airflow/dags/pipeline-weather-data.py", line 270, in <module>
    num_batches = int(Variable.get(f"{weather_data_type_extraction}_num_batches"))
  File "/home/airflow/.local/lib/python3.8/site-packages/airflow/models/variable.py", line 143, in get
    raise KeyError(f"Variable {key} does not exist")
KeyError: 'Variable actual_num_batches does not exist'
[2025-12-06T20:05:15.431+0000] {processor.py:842} WARNING - No viable dags retrieved from /opt/airflow/dags/pipeline-weather-data.py
[2025-12-06T20:05:15.441+0000] {processor.py:183} INFO - Processing /opt/airflow/dags/pipeline-weather-data.py took 0.704 seconds
[2025-12-06T20:05:45.524+0000] {processor.py:161} INFO - Started process (PID=1118) to work on /opt/airflow/dags/pipeline-weather-data.py
[2025-12-06T20:05:45.526+0000] {processor.py:830} INFO - Processing file /opt/airflow/dags/pipeline-weather-data.py for tasks to queue
[2025-12-06T20:05:45.529+0000] {logging_mixin.py:188} INFO - [2025-12-06T20:05:45.528+0000] {dagbag.py:538} INFO - Filling up the DagBag from /opt/airflow/dags/pipeline-weather-data.py
[2025-12-06T20:05:46.112+0000] {logging_mixin.py:188} INFO - [2025-12-06T20:05:46.110+0000] {dagbag.py:348} ERROR - Failed to import: /opt/airflow/dags/pipeline-weather-data.py
Traceback (most recent call last):
  File "/home/airflow/.local/lib/python3.8/site-packages/airflow/models/dagbag.py", line 344, in parse
    loader.exec_module(new_module)
  File "<frozen importlib._bootstrap_external>", line 843, in exec_module
  File "<frozen importlib._bootstrap>", line 219, in _call_with_frames_removed
  File "/opt/airflow/dags/pipeline-weather-data.py", line 270, in <module>
    num_batches = int(Variable.get(f"{weather_data_type_extraction}_num_batches"))
  File "/home/airflow/.local/lib/python3.8/site-packages/airflow/models/variable.py", line 143, in get
    raise KeyError(f"Variable {key} does not exist")
KeyError: 'Variable actual_num_batches does not exist'
[2025-12-06T20:05:46.112+0000] {processor.py:842} WARNING - No viable dags retrieved from /opt/airflow/dags/pipeline-weather-data.py
[2025-12-06T20:05:46.121+0000] {processor.py:183} INFO - Processing /opt/airflow/dags/pipeline-weather-data.py took 0.601 seconds
[2025-12-06T20:06:16.329+0000] {processor.py:161} INFO - Started process (PID=1127) to work on /opt/airflow/dags/pipeline-weather-data.py
[2025-12-06T20:06:16.330+0000] {processor.py:830} INFO - Processing file /opt/airflow/dags/pipeline-weather-data.py for tasks to queue
[2025-12-06T20:06:16.333+0000] {logging_mixin.py:188} INFO - [2025-12-06T20:06:16.333+0000] {dagbag.py:538} INFO - Filling up the DagBag from /opt/airflow/dags/pipeline-weather-data.py
[2025-12-06T20:06:16.949+0000] {logging_mixin.py:188} INFO - [2025-12-06T20:06:16.947+0000] {dagbag.py:348} ERROR - Failed to import: /opt/airflow/dags/pipeline-weather-data.py
Traceback (most recent call last):
  File "/home/airflow/.local/lib/python3.8/site-packages/airflow/models/dagbag.py", line 344, in parse
    loader.exec_module(new_module)
  File "<frozen importlib._bootstrap_external>", line 843, in exec_module
  File "<frozen importlib._bootstrap>", line 219, in _call_with_frames_removed
  File "/opt/airflow/dags/pipeline-weather-data.py", line 270, in <module>
    num_batches = int(Variable.get(f"{weather_data_type_extraction}_num_batches"))
  File "/home/airflow/.local/lib/python3.8/site-packages/airflow/models/variable.py", line 143, in get
    raise KeyError(f"Variable {key} does not exist")
KeyError: 'Variable actual_num_batches does not exist'
[2025-12-06T20:06:16.950+0000] {processor.py:842} WARNING - No viable dags retrieved from /opt/airflow/dags/pipeline-weather-data.py
[2025-12-06T20:06:16.959+0000] {processor.py:183} INFO - Processing /opt/airflow/dags/pipeline-weather-data.py took 0.635 seconds
[2025-12-06T20:06:47.000+0000] {processor.py:161} INFO - Started process (PID=1135) to work on /opt/airflow/dags/pipeline-weather-data.py
[2025-12-06T20:06:47.001+0000] {processor.py:830} INFO - Processing file /opt/airflow/dags/pipeline-weather-data.py for tasks to queue
[2025-12-06T20:06:47.004+0000] {logging_mixin.py:188} INFO - [2025-12-06T20:06:47.003+0000] {dagbag.py:538} INFO - Filling up the DagBag from /opt/airflow/dags/pipeline-weather-data.py
[2025-12-06T20:06:47.741+0000] {logging_mixin.py:188} INFO - [2025-12-06T20:06:47.739+0000] {dagbag.py:348} ERROR - Failed to import: /opt/airflow/dags/pipeline-weather-data.py
Traceback (most recent call last):
  File "/home/airflow/.local/lib/python3.8/site-packages/airflow/models/dagbag.py", line 344, in parse
    loader.exec_module(new_module)
  File "<frozen importlib._bootstrap_external>", line 843, in exec_module
  File "<frozen importlib._bootstrap>", line 219, in _call_with_frames_removed
  File "/opt/airflow/dags/pipeline-weather-data.py", line 270, in <module>
    num_batches = int(Variable.get(f"{weather_data_type_extraction}_num_batches"))
  File "/home/airflow/.local/lib/python3.8/site-packages/airflow/models/variable.py", line 143, in get
    raise KeyError(f"Variable {key} does not exist")
KeyError: 'Variable actual_num_batches does not exist'
[2025-12-06T20:06:47.742+0000] {processor.py:842} WARNING - No viable dags retrieved from /opt/airflow/dags/pipeline-weather-data.py
[2025-12-06T20:06:47.767+0000] {processor.py:183} INFO - Processing /opt/airflow/dags/pipeline-weather-data.py took 0.770 seconds
[2025-12-06T20:07:17.996+0000] {processor.py:161} INFO - Started process (PID=1143) to work on /opt/airflow/dags/pipeline-weather-data.py
[2025-12-06T20:07:17.997+0000] {processor.py:830} INFO - Processing file /opt/airflow/dags/pipeline-weather-data.py for tasks to queue
[2025-12-06T20:07:18.000+0000] {logging_mixin.py:188} INFO - [2025-12-06T20:07:18.000+0000] {dagbag.py:538} INFO - Filling up the DagBag from /opt/airflow/dags/pipeline-weather-data.py
[2025-12-06T20:07:18.689+0000] {logging_mixin.py:188} INFO - [2025-12-06T20:07:18.687+0000] {dagbag.py:348} ERROR - Failed to import: /opt/airflow/dags/pipeline-weather-data.py
Traceback (most recent call last):
  File "/home/airflow/.local/lib/python3.8/site-packages/airflow/models/dagbag.py", line 344, in parse
    loader.exec_module(new_module)
  File "<frozen importlib._bootstrap_external>", line 843, in exec_module
  File "<frozen importlib._bootstrap>", line 219, in _call_with_frames_removed
  File "/opt/airflow/dags/pipeline-weather-data.py", line 270, in <module>
    num_batches = int(Variable.get(f"{weather_data_type_extraction}_num_batches"))
  File "/home/airflow/.local/lib/python3.8/site-packages/airflow/models/variable.py", line 143, in get
    raise KeyError(f"Variable {key} does not exist")
KeyError: 'Variable actual_num_batches does not exist'
[2025-12-06T20:07:18.690+0000] {processor.py:842} WARNING - No viable dags retrieved from /opt/airflow/dags/pipeline-weather-data.py
[2025-12-06T20:07:18.700+0000] {processor.py:183} INFO - Processing /opt/airflow/dags/pipeline-weather-data.py took 0.708 seconds
[2025-12-06T20:07:48.899+0000] {processor.py:161} INFO - Started process (PID=1151) to work on /opt/airflow/dags/pipeline-weather-data.py
[2025-12-06T20:07:48.900+0000] {processor.py:830} INFO - Processing file /opt/airflow/dags/pipeline-weather-data.py for tasks to queue
[2025-12-06T20:07:48.903+0000] {logging_mixin.py:188} INFO - [2025-12-06T20:07:48.903+0000] {dagbag.py:538} INFO - Filling up the DagBag from /opt/airflow/dags/pipeline-weather-data.py
[2025-12-06T20:07:49.453+0000] {logging_mixin.py:188} INFO - [2025-12-06T20:07:49.451+0000] {dagbag.py:348} ERROR - Failed to import: /opt/airflow/dags/pipeline-weather-data.py
Traceback (most recent call last):
  File "/home/airflow/.local/lib/python3.8/site-packages/airflow/models/dagbag.py", line 344, in parse
    loader.exec_module(new_module)
  File "<frozen importlib._bootstrap_external>", line 843, in exec_module
  File "<frozen importlib._bootstrap>", line 219, in _call_with_frames_removed
  File "/opt/airflow/dags/pipeline-weather-data.py", line 270, in <module>
    num_batches = int(Variable.get(f"{weather_data_type_extraction}_num_batches"))
  File "/home/airflow/.local/lib/python3.8/site-packages/airflow/models/variable.py", line 143, in get
    raise KeyError(f"Variable {key} does not exist")
KeyError: 'Variable actual_num_batches does not exist'
[2025-12-06T20:07:49.453+0000] {processor.py:842} WARNING - No viable dags retrieved from /opt/airflow/dags/pipeline-weather-data.py
[2025-12-06T20:07:49.462+0000] {processor.py:183} INFO - Processing /opt/airflow/dags/pipeline-weather-data.py took 0.567 seconds
[2025-12-06T20:08:19.723+0000] {processor.py:161} INFO - Started process (PID=1159) to work on /opt/airflow/dags/pipeline-weather-data.py
[2025-12-06T20:08:19.724+0000] {processor.py:830} INFO - Processing file /opt/airflow/dags/pipeline-weather-data.py for tasks to queue
[2025-12-06T20:08:19.726+0000] {logging_mixin.py:188} INFO - [2025-12-06T20:08:19.726+0000] {dagbag.py:538} INFO - Filling up the DagBag from /opt/airflow/dags/pipeline-weather-data.py
[2025-12-06T20:08:20.298+0000] {logging_mixin.py:188} INFO - [2025-12-06T20:08:20.296+0000] {dagbag.py:348} ERROR - Failed to import: /opt/airflow/dags/pipeline-weather-data.py
Traceback (most recent call last):
  File "/home/airflow/.local/lib/python3.8/site-packages/airflow/models/dagbag.py", line 344, in parse
    loader.exec_module(new_module)
  File "<frozen importlib._bootstrap_external>", line 843, in exec_module
  File "<frozen importlib._bootstrap>", line 219, in _call_with_frames_removed
  File "/opt/airflow/dags/pipeline-weather-data.py", line 270, in <module>
    num_batches = int(Variable.get(f"{weather_data_type_extraction}_num_batches"))
  File "/home/airflow/.local/lib/python3.8/site-packages/airflow/models/variable.py", line 143, in get
    raise KeyError(f"Variable {key} does not exist")
KeyError: 'Variable actual_num_batches does not exist'
[2025-12-06T20:08:20.299+0000] {processor.py:842} WARNING - No viable dags retrieved from /opt/airflow/dags/pipeline-weather-data.py
[2025-12-06T20:08:20.307+0000] {processor.py:183} INFO - Processing /opt/airflow/dags/pipeline-weather-data.py took 0.588 seconds
[2025-12-06T20:08:50.498+0000] {processor.py:161} INFO - Started process (PID=1167) to work on /opt/airflow/dags/pipeline-weather-data.py
[2025-12-06T20:08:50.499+0000] {processor.py:830} INFO - Processing file /opt/airflow/dags/pipeline-weather-data.py for tasks to queue
[2025-12-06T20:08:50.503+0000] {logging_mixin.py:188} INFO - [2025-12-06T20:08:50.502+0000] {dagbag.py:538} INFO - Filling up the DagBag from /opt/airflow/dags/pipeline-weather-data.py
[2025-12-06T20:08:51.077+0000] {logging_mixin.py:188} INFO - [2025-12-06T20:08:51.076+0000] {dagbag.py:348} ERROR - Failed to import: /opt/airflow/dags/pipeline-weather-data.py
Traceback (most recent call last):
  File "/home/airflow/.local/lib/python3.8/site-packages/airflow/models/dagbag.py", line 344, in parse
    loader.exec_module(new_module)
  File "<frozen importlib._bootstrap_external>", line 843, in exec_module
  File "<frozen importlib._bootstrap>", line 219, in _call_with_frames_removed
  File "/opt/airflow/dags/pipeline-weather-data.py", line 270, in <module>
    num_batches = int(Variable.get(f"{weather_data_type_extraction}_num_batches"))
  File "/home/airflow/.local/lib/python3.8/site-packages/airflow/models/variable.py", line 143, in get
    raise KeyError(f"Variable {key} does not exist")
KeyError: 'Variable actual_num_batches does not exist'
[2025-12-06T20:08:51.078+0000] {processor.py:842} WARNING - No viable dags retrieved from /opt/airflow/dags/pipeline-weather-data.py
[2025-12-06T20:08:51.087+0000] {processor.py:183} INFO - Processing /opt/airflow/dags/pipeline-weather-data.py took 0.593 seconds
[2025-12-06T20:09:21.313+0000] {processor.py:161} INFO - Started process (PID=1176) to work on /opt/airflow/dags/pipeline-weather-data.py
[2025-12-06T20:09:21.314+0000] {processor.py:830} INFO - Processing file /opt/airflow/dags/pipeline-weather-data.py for tasks to queue
[2025-12-06T20:09:21.317+0000] {logging_mixin.py:188} INFO - [2025-12-06T20:09:21.317+0000] {dagbag.py:538} INFO - Filling up the DagBag from /opt/airflow/dags/pipeline-weather-data.py
[2025-12-06T20:09:21.986+0000] {logging_mixin.py:188} INFO - [2025-12-06T20:09:21.984+0000] {dagbag.py:348} ERROR - Failed to import: /opt/airflow/dags/pipeline-weather-data.py
Traceback (most recent call last):
  File "/home/airflow/.local/lib/python3.8/site-packages/airflow/models/dagbag.py", line 344, in parse
    loader.exec_module(new_module)
  File "<frozen importlib._bootstrap_external>", line 843, in exec_module
  File "<frozen importlib._bootstrap>", line 219, in _call_with_frames_removed
  File "/opt/airflow/dags/pipeline-weather-data.py", line 270, in <module>
    num_batches = int(Variable.get(f"{weather_data_type_extraction}_num_batches"))
  File "/home/airflow/.local/lib/python3.8/site-packages/airflow/models/variable.py", line 143, in get
    raise KeyError(f"Variable {key} does not exist")
KeyError: 'Variable actual_num_batches does not exist'
[2025-12-06T20:09:21.987+0000] {processor.py:842} WARNING - No viable dags retrieved from /opt/airflow/dags/pipeline-weather-data.py
[2025-12-06T20:09:21.997+0000] {processor.py:183} INFO - Processing /opt/airflow/dags/pipeline-weather-data.py took 0.689 seconds
[2025-12-06T20:09:52.210+0000] {processor.py:161} INFO - Started process (PID=1184) to work on /opt/airflow/dags/pipeline-weather-data.py
[2025-12-06T20:09:52.211+0000] {processor.py:830} INFO - Processing file /opt/airflow/dags/pipeline-weather-data.py for tasks to queue
[2025-12-06T20:09:52.214+0000] {logging_mixin.py:188} INFO - [2025-12-06T20:09:52.214+0000] {dagbag.py:538} INFO - Filling up the DagBag from /opt/airflow/dags/pipeline-weather-data.py
[2025-12-06T20:09:52.885+0000] {logging_mixin.py:188} INFO - [2025-12-06T20:09:52.884+0000] {dagbag.py:348} ERROR - Failed to import: /opt/airflow/dags/pipeline-weather-data.py
Traceback (most recent call last):
  File "/home/airflow/.local/lib/python3.8/site-packages/airflow/models/dagbag.py", line 344, in parse
    loader.exec_module(new_module)
  File "<frozen importlib._bootstrap_external>", line 843, in exec_module
  File "<frozen importlib._bootstrap>", line 219, in _call_with_frames_removed
  File "/opt/airflow/dags/pipeline-weather-data.py", line 270, in <module>
    num_batches = int(Variable.get(f"{weather_data_type_extraction}_num_batches"))
  File "/home/airflow/.local/lib/python3.8/site-packages/airflow/models/variable.py", line 143, in get
    raise KeyError(f"Variable {key} does not exist")
KeyError: 'Variable actual_num_batches does not exist'
[2025-12-06T20:09:52.886+0000] {processor.py:842} WARNING - No viable dags retrieved from /opt/airflow/dags/pipeline-weather-data.py
[2025-12-06T20:09:52.894+0000] {processor.py:183} INFO - Processing /opt/airflow/dags/pipeline-weather-data.py took 0.690 seconds
[2025-12-06T20:10:23.118+0000] {processor.py:161} INFO - Started process (PID=1192) to work on /opt/airflow/dags/pipeline-weather-data.py
[2025-12-06T20:10:23.119+0000] {processor.py:830} INFO - Processing file /opt/airflow/dags/pipeline-weather-data.py for tasks to queue
[2025-12-06T20:10:23.123+0000] {logging_mixin.py:188} INFO - [2025-12-06T20:10:23.123+0000] {dagbag.py:538} INFO - Filling up the DagBag from /opt/airflow/dags/pipeline-weather-data.py
[2025-12-06T20:10:23.724+0000] {logging_mixin.py:188} INFO - [2025-12-06T20:10:23.722+0000] {dagbag.py:348} ERROR - Failed to import: /opt/airflow/dags/pipeline-weather-data.py
Traceback (most recent call last):
  File "/home/airflow/.local/lib/python3.8/site-packages/airflow/models/dagbag.py", line 344, in parse
    loader.exec_module(new_module)
  File "<frozen importlib._bootstrap_external>", line 843, in exec_module
  File "<frozen importlib._bootstrap>", line 219, in _call_with_frames_removed
  File "/opt/airflow/dags/pipeline-weather-data.py", line 270, in <module>
    num_batches = int(Variable.get(f"{weather_data_type_extraction}_num_batches"))
  File "/home/airflow/.local/lib/python3.8/site-packages/airflow/models/variable.py", line 143, in get
    raise KeyError(f"Variable {key} does not exist")
KeyError: 'Variable actual_num_batches does not exist'
[2025-12-06T20:10:23.724+0000] {processor.py:842} WARNING - No viable dags retrieved from /opt/airflow/dags/pipeline-weather-data.py
[2025-12-06T20:10:23.733+0000] {processor.py:183} INFO - Processing /opt/airflow/dags/pipeline-weather-data.py took 0.620 seconds
[2025-12-06T20:10:53.939+0000] {processor.py:161} INFO - Started process (PID=1200) to work on /opt/airflow/dags/pipeline-weather-data.py
[2025-12-06T20:10:53.940+0000] {processor.py:830} INFO - Processing file /opt/airflow/dags/pipeline-weather-data.py for tasks to queue
[2025-12-06T20:10:53.943+0000] {logging_mixin.py:188} INFO - [2025-12-06T20:10:53.942+0000] {dagbag.py:538} INFO - Filling up the DagBag from /opt/airflow/dags/pipeline-weather-data.py
[2025-12-06T20:10:54.515+0000] {logging_mixin.py:188} INFO - [2025-12-06T20:10:54.513+0000] {dagbag.py:348} ERROR - Failed to import: /opt/airflow/dags/pipeline-weather-data.py
Traceback (most recent call last):
  File "/home/airflow/.local/lib/python3.8/site-packages/airflow/models/dagbag.py", line 344, in parse
    loader.exec_module(new_module)
  File "<frozen importlib._bootstrap_external>", line 843, in exec_module
  File "<frozen importlib._bootstrap>", line 219, in _call_with_frames_removed
  File "/opt/airflow/dags/pipeline-weather-data.py", line 270, in <module>
    num_batches = int(Variable.get(f"{weather_data_type_extraction}_num_batches"))
  File "/home/airflow/.local/lib/python3.8/site-packages/airflow/models/variable.py", line 143, in get
    raise KeyError(f"Variable {key} does not exist")
KeyError: 'Variable actual_num_batches does not exist'
[2025-12-06T20:10:54.515+0000] {processor.py:842} WARNING - No viable dags retrieved from /opt/airflow/dags/pipeline-weather-data.py
[2025-12-06T20:10:54.524+0000] {processor.py:183} INFO - Processing /opt/airflow/dags/pipeline-weather-data.py took 0.590 seconds
[2025-12-06T20:11:24.737+0000] {processor.py:161} INFO - Started process (PID=1208) to work on /opt/airflow/dags/pipeline-weather-data.py
[2025-12-06T20:11:24.739+0000] {processor.py:830} INFO - Processing file /opt/airflow/dags/pipeline-weather-data.py for tasks to queue
[2025-12-06T20:11:24.742+0000] {logging_mixin.py:188} INFO - [2025-12-06T20:11:24.742+0000] {dagbag.py:538} INFO - Filling up the DagBag from /opt/airflow/dags/pipeline-weather-data.py
[2025-12-06T20:11:25.409+0000] {logging_mixin.py:188} INFO - [2025-12-06T20:11:25.406+0000] {dagbag.py:348} ERROR - Failed to import: /opt/airflow/dags/pipeline-weather-data.py
Traceback (most recent call last):
  File "/home/airflow/.local/lib/python3.8/site-packages/airflow/models/dagbag.py", line 344, in parse
    loader.exec_module(new_module)
  File "<frozen importlib._bootstrap_external>", line 843, in exec_module
  File "<frozen importlib._bootstrap>", line 219, in _call_with_frames_removed
  File "/opt/airflow/dags/pipeline-weather-data.py", line 270, in <module>
    num_batches = int(Variable.get(f"{weather_data_type_extraction}_num_batches"))
  File "/home/airflow/.local/lib/python3.8/site-packages/airflow/models/variable.py", line 143, in get
    raise KeyError(f"Variable {key} does not exist")
KeyError: 'Variable actual_num_batches does not exist'
[2025-12-06T20:11:25.410+0000] {processor.py:842} WARNING - No viable dags retrieved from /opt/airflow/dags/pipeline-weather-data.py
[2025-12-06T20:11:25.426+0000] {processor.py:183} INFO - Processing /opt/airflow/dags/pipeline-weather-data.py took 0.694 seconds
[2025-12-06T20:11:55.672+0000] {processor.py:161} INFO - Started process (PID=1216) to work on /opt/airflow/dags/pipeline-weather-data.py
[2025-12-06T20:11:55.673+0000] {processor.py:830} INFO - Processing file /opt/airflow/dags/pipeline-weather-data.py for tasks to queue
[2025-12-06T20:11:55.676+0000] {logging_mixin.py:188} INFO - [2025-12-06T20:11:55.675+0000] {dagbag.py:538} INFO - Filling up the DagBag from /opt/airflow/dags/pipeline-weather-data.py
[2025-12-06T20:11:56.328+0000] {logging_mixin.py:188} INFO - [2025-12-06T20:11:56.326+0000] {dagbag.py:348} ERROR - Failed to import: /opt/airflow/dags/pipeline-weather-data.py
Traceback (most recent call last):
  File "/home/airflow/.local/lib/python3.8/site-packages/airflow/models/dagbag.py", line 344, in parse
    loader.exec_module(new_module)
  File "<frozen importlib._bootstrap_external>", line 843, in exec_module
  File "<frozen importlib._bootstrap>", line 219, in _call_with_frames_removed
  File "/opt/airflow/dags/pipeline-weather-data.py", line 270, in <module>
    num_batches = int(Variable.get(f"{weather_data_type_extraction}_num_batches"))
  File "/home/airflow/.local/lib/python3.8/site-packages/airflow/models/variable.py", line 143, in get
    raise KeyError(f"Variable {key} does not exist")
KeyError: 'Variable actual_num_batches does not exist'
[2025-12-06T20:11:56.328+0000] {processor.py:842} WARNING - No viable dags retrieved from /opt/airflow/dags/pipeline-weather-data.py
[2025-12-06T20:11:56.338+0000] {processor.py:183} INFO - Processing /opt/airflow/dags/pipeline-weather-data.py took 0.671 seconds
[2025-12-06T20:12:26.533+0000] {processor.py:161} INFO - Started process (PID=1224) to work on /opt/airflow/dags/pipeline-weather-data.py
[2025-12-06T20:12:26.534+0000] {processor.py:830} INFO - Processing file /opt/airflow/dags/pipeline-weather-data.py for tasks to queue
[2025-12-06T20:12:26.537+0000] {logging_mixin.py:188} INFO - [2025-12-06T20:12:26.537+0000] {dagbag.py:538} INFO - Filling up the DagBag from /opt/airflow/dags/pipeline-weather-data.py
[2025-12-06T20:12:27.368+0000] {logging_mixin.py:188} INFO - [2025-12-06T20:12:27.366+0000] {dagbag.py:348} ERROR - Failed to import: /opt/airflow/dags/pipeline-weather-data.py
Traceback (most recent call last):
  File "/home/airflow/.local/lib/python3.8/site-packages/airflow/models/dagbag.py", line 344, in parse
    loader.exec_module(new_module)
  File "<frozen importlib._bootstrap_external>", line 843, in exec_module
  File "<frozen importlib._bootstrap>", line 219, in _call_with_frames_removed
  File "/opt/airflow/dags/pipeline-weather-data.py", line 270, in <module>
    num_batches = int(Variable.get(f"{weather_data_type_extraction}_num_batches"))
  File "/home/airflow/.local/lib/python3.8/site-packages/airflow/models/variable.py", line 143, in get
    raise KeyError(f"Variable {key} does not exist")
KeyError: 'Variable actual_num_batches does not exist'
[2025-12-06T20:12:27.369+0000] {processor.py:842} WARNING - No viable dags retrieved from /opt/airflow/dags/pipeline-weather-data.py
[2025-12-06T20:12:27.382+0000] {processor.py:183} INFO - Processing /opt/airflow/dags/pipeline-weather-data.py took 0.853 seconds
[2025-12-06T20:12:57.699+0000] {processor.py:161} INFO - Started process (PID=1232) to work on /opt/airflow/dags/pipeline-weather-data.py
[2025-12-06T20:12:57.700+0000] {processor.py:830} INFO - Processing file /opt/airflow/dags/pipeline-weather-data.py for tasks to queue
[2025-12-06T20:12:57.704+0000] {logging_mixin.py:188} INFO - [2025-12-06T20:12:57.704+0000] {dagbag.py:538} INFO - Filling up the DagBag from /opt/airflow/dags/pipeline-weather-data.py
[2025-12-06T20:12:58.365+0000] {logging_mixin.py:188} INFO - [2025-12-06T20:12:58.363+0000] {dagbag.py:348} ERROR - Failed to import: /opt/airflow/dags/pipeline-weather-data.py
Traceback (most recent call last):
  File "/home/airflow/.local/lib/python3.8/site-packages/airflow/models/dagbag.py", line 344, in parse
    loader.exec_module(new_module)
  File "<frozen importlib._bootstrap_external>", line 843, in exec_module
  File "<frozen importlib._bootstrap>", line 219, in _call_with_frames_removed
  File "/opt/airflow/dags/pipeline-weather-data.py", line 270, in <module>
    num_batches = int(Variable.get(f"{weather_data_type_extraction}_num_batches"))
  File "/home/airflow/.local/lib/python3.8/site-packages/airflow/models/variable.py", line 143, in get
    raise KeyError(f"Variable {key} does not exist")
KeyError: 'Variable actual_num_batches does not exist'
[2025-12-06T20:12:58.365+0000] {processor.py:842} WARNING - No viable dags retrieved from /opt/airflow/dags/pipeline-weather-data.py
[2025-12-06T20:12:58.374+0000] {processor.py:183} INFO - Processing /opt/airflow/dags/pipeline-weather-data.py took 0.681 seconds
[2025-12-06T20:13:28.445+0000] {processor.py:161} INFO - Started process (PID=1240) to work on /opt/airflow/dags/pipeline-weather-data.py
[2025-12-06T20:13:28.446+0000] {processor.py:830} INFO - Processing file /opt/airflow/dags/pipeline-weather-data.py for tasks to queue
[2025-12-06T20:13:28.449+0000] {logging_mixin.py:188} INFO - [2025-12-06T20:13:28.449+0000] {dagbag.py:538} INFO - Filling up the DagBag from /opt/airflow/dags/pipeline-weather-data.py
[2025-12-06T20:13:29.027+0000] {logging_mixin.py:188} INFO - [2025-12-06T20:13:29.026+0000] {dagbag.py:348} ERROR - Failed to import: /opt/airflow/dags/pipeline-weather-data.py
Traceback (most recent call last):
  File "/home/airflow/.local/lib/python3.8/site-packages/airflow/models/dagbag.py", line 344, in parse
    loader.exec_module(new_module)
  File "<frozen importlib._bootstrap_external>", line 843, in exec_module
  File "<frozen importlib._bootstrap>", line 219, in _call_with_frames_removed
  File "/opt/airflow/dags/pipeline-weather-data.py", line 270, in <module>
    num_batches = int(Variable.get(f"{weather_data_type_extraction}_num_batches"))
  File "/home/airflow/.local/lib/python3.8/site-packages/airflow/models/variable.py", line 143, in get
    raise KeyError(f"Variable {key} does not exist")
KeyError: 'Variable actual_num_batches does not exist'
[2025-12-06T20:13:29.028+0000] {processor.py:842} WARNING - No viable dags retrieved from /opt/airflow/dags/pipeline-weather-data.py
[2025-12-06T20:13:29.036+0000] {processor.py:183} INFO - Processing /opt/airflow/dags/pipeline-weather-data.py took 0.596 seconds
[2025-12-06T20:13:59.235+0000] {processor.py:161} INFO - Started process (PID=1248) to work on /opt/airflow/dags/pipeline-weather-data.py
[2025-12-06T20:13:59.236+0000] {processor.py:830} INFO - Processing file /opt/airflow/dags/pipeline-weather-data.py for tasks to queue
[2025-12-06T20:13:59.239+0000] {logging_mixin.py:188} INFO - [2025-12-06T20:13:59.239+0000] {dagbag.py:538} INFO - Filling up the DagBag from /opt/airflow/dags/pipeline-weather-data.py
[2025-12-06T20:13:59.805+0000] {logging_mixin.py:188} INFO - [2025-12-06T20:13:59.803+0000] {dagbag.py:348} ERROR - Failed to import: /opt/airflow/dags/pipeline-weather-data.py
Traceback (most recent call last):
  File "/home/airflow/.local/lib/python3.8/site-packages/airflow/models/dagbag.py", line 344, in parse
    loader.exec_module(new_module)
  File "<frozen importlib._bootstrap_external>", line 843, in exec_module
  File "<frozen importlib._bootstrap>", line 219, in _call_with_frames_removed
  File "/opt/airflow/dags/pipeline-weather-data.py", line 270, in <module>
    num_batches = int(Variable.get(f"{weather_data_type_extraction}_num_batches"))
  File "/home/airflow/.local/lib/python3.8/site-packages/airflow/models/variable.py", line 143, in get
    raise KeyError(f"Variable {key} does not exist")
KeyError: 'Variable actual_num_batches does not exist'
[2025-12-06T20:13:59.806+0000] {processor.py:842} WARNING - No viable dags retrieved from /opt/airflow/dags/pipeline-weather-data.py
[2025-12-06T20:13:59.814+0000] {processor.py:183} INFO - Processing /opt/airflow/dags/pipeline-weather-data.py took 0.584 seconds
[2025-12-06T20:14:29.935+0000] {processor.py:161} INFO - Started process (PID=1257) to work on /opt/airflow/dags/pipeline-weather-data.py
[2025-12-06T20:14:29.936+0000] {processor.py:830} INFO - Processing file /opt/airflow/dags/pipeline-weather-data.py for tasks to queue
[2025-12-06T20:14:29.939+0000] {logging_mixin.py:188} INFO - [2025-12-06T20:14:29.939+0000] {dagbag.py:538} INFO - Filling up the DagBag from /opt/airflow/dags/pipeline-weather-data.py
[2025-12-06T20:14:30.599+0000] {logging_mixin.py:188} INFO - [2025-12-06T20:14:30.596+0000] {dagbag.py:348} ERROR - Failed to import: /opt/airflow/dags/pipeline-weather-data.py
Traceback (most recent call last):
  File "/home/airflow/.local/lib/python3.8/site-packages/airflow/models/dagbag.py", line 344, in parse
    loader.exec_module(new_module)
  File "<frozen importlib._bootstrap_external>", line 843, in exec_module
  File "<frozen importlib._bootstrap>", line 219, in _call_with_frames_removed
  File "/opt/airflow/dags/pipeline-weather-data.py", line 270, in <module>
    num_batches = int(Variable.get(f"{weather_data_type_extraction}_num_batches"))
  File "/home/airflow/.local/lib/python3.8/site-packages/airflow/models/variable.py", line 143, in get
    raise KeyError(f"Variable {key} does not exist")
KeyError: 'Variable actual_num_batches does not exist'
[2025-12-06T20:14:30.599+0000] {processor.py:842} WARNING - No viable dags retrieved from /opt/airflow/dags/pipeline-weather-data.py
[2025-12-06T20:14:30.610+0000] {processor.py:183} INFO - Processing /opt/airflow/dags/pipeline-weather-data.py took 0.680 seconds
[2025-12-06T20:15:00.832+0000] {processor.py:161} INFO - Started process (PID=1266) to work on /opt/airflow/dags/pipeline-weather-data.py
[2025-12-06T20:15:00.833+0000] {processor.py:830} INFO - Processing file /opt/airflow/dags/pipeline-weather-data.py for tasks to queue
[2025-12-06T20:15:00.836+0000] {logging_mixin.py:188} INFO - [2025-12-06T20:15:00.836+0000] {dagbag.py:538} INFO - Filling up the DagBag from /opt/airflow/dags/pipeline-weather-data.py
[2025-12-06T20:15:01.393+0000] {logging_mixin.py:188} INFO - [2025-12-06T20:15:01.391+0000] {dagbag.py:348} ERROR - Failed to import: /opt/airflow/dags/pipeline-weather-data.py
Traceback (most recent call last):
  File "/home/airflow/.local/lib/python3.8/site-packages/airflow/models/dagbag.py", line 344, in parse
    loader.exec_module(new_module)
  File "<frozen importlib._bootstrap_external>", line 843, in exec_module
  File "<frozen importlib._bootstrap>", line 219, in _call_with_frames_removed
  File "/opt/airflow/dags/pipeline-weather-data.py", line 270, in <module>
    num_batches = int(Variable.get(f"{weather_data_type_extraction}_num_batches"))
  File "/home/airflow/.local/lib/python3.8/site-packages/airflow/models/variable.py", line 143, in get
    raise KeyError(f"Variable {key} does not exist")
KeyError: 'Variable actual_num_batches does not exist'
[2025-12-06T20:15:01.393+0000] {processor.py:842} WARNING - No viable dags retrieved from /opt/airflow/dags/pipeline-weather-data.py
[2025-12-06T20:15:01.401+0000] {processor.py:183} INFO - Processing /opt/airflow/dags/pipeline-weather-data.py took 0.574 seconds
[2025-12-06T20:15:31.588+0000] {processor.py:161} INFO - Started process (PID=1274) to work on /opt/airflow/dags/pipeline-weather-data.py
[2025-12-06T20:15:31.590+0000] {processor.py:830} INFO - Processing file /opt/airflow/dags/pipeline-weather-data.py for tasks to queue
[2025-12-06T20:15:31.593+0000] {logging_mixin.py:188} INFO - [2025-12-06T20:15:31.593+0000] {dagbag.py:538} INFO - Filling up the DagBag from /opt/airflow/dags/pipeline-weather-data.py
[2025-12-06T20:15:32.202+0000] {logging_mixin.py:188} INFO - [2025-12-06T20:15:32.201+0000] {dagbag.py:348} ERROR - Failed to import: /opt/airflow/dags/pipeline-weather-data.py
Traceback (most recent call last):
  File "/home/airflow/.local/lib/python3.8/site-packages/airflow/models/dagbag.py", line 344, in parse
    loader.exec_module(new_module)
  File "<frozen importlib._bootstrap_external>", line 843, in exec_module
  File "<frozen importlib._bootstrap>", line 219, in _call_with_frames_removed
  File "/opt/airflow/dags/pipeline-weather-data.py", line 270, in <module>
    num_batches = int(Variable.get(f"{weather_data_type_extraction}_num_batches"))
  File "/home/airflow/.local/lib/python3.8/site-packages/airflow/models/variable.py", line 143, in get
    raise KeyError(f"Variable {key} does not exist")
KeyError: 'Variable actual_num_batches does not exist'
[2025-12-06T20:15:32.203+0000] {processor.py:842} WARNING - No viable dags retrieved from /opt/airflow/dags/pipeline-weather-data.py
[2025-12-06T20:15:32.211+0000] {processor.py:183} INFO - Processing /opt/airflow/dags/pipeline-weather-data.py took 0.628 seconds
[2025-12-06T20:16:02.438+0000] {processor.py:161} INFO - Started process (PID=1281) to work on /opt/airflow/dags/pipeline-weather-data.py
[2025-12-06T20:16:02.440+0000] {processor.py:830} INFO - Processing file /opt/airflow/dags/pipeline-weather-data.py for tasks to queue
[2025-12-06T20:16:02.443+0000] {logging_mixin.py:188} INFO - [2025-12-06T20:16:02.443+0000] {dagbag.py:538} INFO - Filling up the DagBag from /opt/airflow/dags/pipeline-weather-data.py
[2025-12-06T20:16:03.131+0000] {logging_mixin.py:188} INFO - [2025-12-06T20:16:03.130+0000] {dagbag.py:348} ERROR - Failed to import: /opt/airflow/dags/pipeline-weather-data.py
Traceback (most recent call last):
  File "/home/airflow/.local/lib/python3.8/site-packages/airflow/models/dagbag.py", line 344, in parse
    loader.exec_module(new_module)
  File "<frozen importlib._bootstrap_external>", line 843, in exec_module
  File "<frozen importlib._bootstrap>", line 219, in _call_with_frames_removed
  File "/opt/airflow/dags/pipeline-weather-data.py", line 270, in <module>
    num_batches = int(Variable.get(f"{weather_data_type_extraction}_num_batches"))
  File "/home/airflow/.local/lib/python3.8/site-packages/airflow/models/variable.py", line 143, in get
    raise KeyError(f"Variable {key} does not exist")
KeyError: 'Variable actual_num_batches does not exist'
[2025-12-06T20:16:03.132+0000] {processor.py:842} WARNING - No viable dags retrieved from /opt/airflow/dags/pipeline-weather-data.py
[2025-12-06T20:16:03.141+0000] {processor.py:183} INFO - Processing /opt/airflow/dags/pipeline-weather-data.py took 0.709 seconds
[2025-12-06T20:16:33.366+0000] {processor.py:161} INFO - Started process (PID=1289) to work on /opt/airflow/dags/pipeline-weather-data.py
[2025-12-06T20:16:33.367+0000] {processor.py:830} INFO - Processing file /opt/airflow/dags/pipeline-weather-data.py for tasks to queue
[2025-12-06T20:16:33.370+0000] {logging_mixin.py:188} INFO - [2025-12-06T20:16:33.370+0000] {dagbag.py:538} INFO - Filling up the DagBag from /opt/airflow/dags/pipeline-weather-data.py
[2025-12-06T20:16:34.163+0000] {logging_mixin.py:188} INFO - [2025-12-06T20:16:34.159+0000] {dagbag.py:348} ERROR - Failed to import: /opt/airflow/dags/pipeline-weather-data.py
Traceback (most recent call last):
  File "/home/airflow/.local/lib/python3.8/site-packages/airflow/models/dagbag.py", line 344, in parse
    loader.exec_module(new_module)
  File "<frozen importlib._bootstrap_external>", line 843, in exec_module
  File "<frozen importlib._bootstrap>", line 219, in _call_with_frames_removed
  File "/opt/airflow/dags/pipeline-weather-data.py", line 270, in <module>
    num_batches = int(Variable.get(f"{weather_data_type_extraction}_num_batches"))
  File "/home/airflow/.local/lib/python3.8/site-packages/airflow/models/variable.py", line 143, in get
    raise KeyError(f"Variable {key} does not exist")
KeyError: 'Variable actual_num_batches does not exist'
[2025-12-06T20:16:34.164+0000] {processor.py:842} WARNING - No viable dags retrieved from /opt/airflow/dags/pipeline-weather-data.py
[2025-12-06T20:16:34.178+0000] {processor.py:183} INFO - Processing /opt/airflow/dags/pipeline-weather-data.py took 0.817 seconds
[2025-12-06T20:17:04.279+0000] {processor.py:161} INFO - Started process (PID=1297) to work on /opt/airflow/dags/pipeline-weather-data.py
[2025-12-06T20:17:04.281+0000] {processor.py:830} INFO - Processing file /opt/airflow/dags/pipeline-weather-data.py for tasks to queue
[2025-12-06T20:17:04.284+0000] {logging_mixin.py:188} INFO - [2025-12-06T20:17:04.284+0000] {dagbag.py:538} INFO - Filling up the DagBag from /opt/airflow/dags/pipeline-weather-data.py
[2025-12-06T20:17:04.982+0000] {logging_mixin.py:188} INFO - [2025-12-06T20:17:04.980+0000] {dagbag.py:348} ERROR - Failed to import: /opt/airflow/dags/pipeline-weather-data.py
Traceback (most recent call last):
  File "/home/airflow/.local/lib/python3.8/site-packages/airflow/models/dagbag.py", line 344, in parse
    loader.exec_module(new_module)
  File "<frozen importlib._bootstrap_external>", line 843, in exec_module
  File "<frozen importlib._bootstrap>", line 219, in _call_with_frames_removed
  File "/opt/airflow/dags/pipeline-weather-data.py", line 270, in <module>
    num_batches = int(Variable.get(f"{weather_data_type_extraction}_num_batches"))
  File "/home/airflow/.local/lib/python3.8/site-packages/airflow/models/variable.py", line 143, in get
    raise KeyError(f"Variable {key} does not exist")
KeyError: 'Variable actual_num_batches does not exist'
[2025-12-06T20:17:04.983+0000] {processor.py:842} WARNING - No viable dags retrieved from /opt/airflow/dags/pipeline-weather-data.py
[2025-12-06T20:17:04.992+0000] {processor.py:183} INFO - Processing /opt/airflow/dags/pipeline-weather-data.py took 0.720 seconds
[2025-12-06T20:17:35.280+0000] {processor.py:161} INFO - Started process (PID=1305) to work on /opt/airflow/dags/pipeline-weather-data.py
[2025-12-06T20:17:35.281+0000] {processor.py:830} INFO - Processing file /opt/airflow/dags/pipeline-weather-data.py for tasks to queue
[2025-12-06T20:17:35.287+0000] {logging_mixin.py:188} INFO - [2025-12-06T20:17:35.286+0000] {dagbag.py:538} INFO - Filling up the DagBag from /opt/airflow/dags/pipeline-weather-data.py
[2025-12-06T20:17:36.002+0000] {logging_mixin.py:188} INFO - [2025-12-06T20:17:36.000+0000] {dagbag.py:348} ERROR - Failed to import: /opt/airflow/dags/pipeline-weather-data.py
Traceback (most recent call last):
  File "/home/airflow/.local/lib/python3.8/site-packages/airflow/models/dagbag.py", line 344, in parse
    loader.exec_module(new_module)
  File "<frozen importlib._bootstrap_external>", line 843, in exec_module
  File "<frozen importlib._bootstrap>", line 219, in _call_with_frames_removed
  File "/opt/airflow/dags/pipeline-weather-data.py", line 270, in <module>
    num_batches = int(Variable.get(f"{weather_data_type_extraction}_num_batches"))
  File "/home/airflow/.local/lib/python3.8/site-packages/airflow/models/variable.py", line 143, in get
    raise KeyError(f"Variable {key} does not exist")
KeyError: 'Variable actual_num_batches does not exist'
[2025-12-06T20:17:36.003+0000] {processor.py:842} WARNING - No viable dags retrieved from /opt/airflow/dags/pipeline-weather-data.py
[2025-12-06T20:17:36.013+0000] {processor.py:183} INFO - Processing /opt/airflow/dags/pipeline-weather-data.py took 0.738 seconds
[2025-12-06T20:18:06.211+0000] {processor.py:161} INFO - Started process (PID=1313) to work on /opt/airflow/dags/pipeline-weather-data.py
[2025-12-06T20:18:06.212+0000] {processor.py:830} INFO - Processing file /opt/airflow/dags/pipeline-weather-data.py for tasks to queue
[2025-12-06T20:18:06.215+0000] {logging_mixin.py:188} INFO - [2025-12-06T20:18:06.215+0000] {dagbag.py:538} INFO - Filling up the DagBag from /opt/airflow/dags/pipeline-weather-data.py
[2025-12-06T20:18:06.819+0000] {logging_mixin.py:188} INFO - [2025-12-06T20:18:06.817+0000] {dagbag.py:348} ERROR - Failed to import: /opt/airflow/dags/pipeline-weather-data.py
Traceback (most recent call last):
  File "/home/airflow/.local/lib/python3.8/site-packages/airflow/models/dagbag.py", line 344, in parse
    loader.exec_module(new_module)
  File "<frozen importlib._bootstrap_external>", line 843, in exec_module
  File "<frozen importlib._bootstrap>", line 219, in _call_with_frames_removed
  File "/opt/airflow/dags/pipeline-weather-data.py", line 270, in <module>
    num_batches = int(Variable.get(f"{weather_data_type_extraction}_num_batches"))
  File "/home/airflow/.local/lib/python3.8/site-packages/airflow/models/variable.py", line 143, in get
    raise KeyError(f"Variable {key} does not exist")
KeyError: 'Variable actual_num_batches does not exist'
[2025-12-06T20:18:06.819+0000] {processor.py:842} WARNING - No viable dags retrieved from /opt/airflow/dags/pipeline-weather-data.py
[2025-12-06T20:18:06.826+0000] {processor.py:183} INFO - Processing /opt/airflow/dags/pipeline-weather-data.py took 0.620 seconds
[2025-12-06T20:18:36.885+0000] {processor.py:161} INFO - Started process (PID=1321) to work on /opt/airflow/dags/pipeline-weather-data.py
[2025-12-06T20:18:36.886+0000] {processor.py:830} INFO - Processing file /opt/airflow/dags/pipeline-weather-data.py for tasks to queue
[2025-12-06T20:18:36.889+0000] {logging_mixin.py:188} INFO - [2025-12-06T20:18:36.889+0000] {dagbag.py:538} INFO - Filling up the DagBag from /opt/airflow/dags/pipeline-weather-data.py
[2025-12-06T20:18:37.483+0000] {logging_mixin.py:188} INFO - [2025-12-06T20:18:37.481+0000] {dagbag.py:348} ERROR - Failed to import: /opt/airflow/dags/pipeline-weather-data.py
Traceback (most recent call last):
  File "/home/airflow/.local/lib/python3.8/site-packages/airflow/models/dagbag.py", line 344, in parse
    loader.exec_module(new_module)
  File "<frozen importlib._bootstrap_external>", line 843, in exec_module
  File "<frozen importlib._bootstrap>", line 219, in _call_with_frames_removed
  File "/opt/airflow/dags/pipeline-weather-data.py", line 270, in <module>
    num_batches = int(Variable.get(f"{weather_data_type_extraction}_num_batches"))
  File "/home/airflow/.local/lib/python3.8/site-packages/airflow/models/variable.py", line 143, in get
    raise KeyError(f"Variable {key} does not exist")
KeyError: 'Variable actual_num_batches does not exist'
[2025-12-06T20:18:37.484+0000] {processor.py:842} WARNING - No viable dags retrieved from /opt/airflow/dags/pipeline-weather-data.py
[2025-12-06T20:18:37.493+0000] {processor.py:183} INFO - Processing /opt/airflow/dags/pipeline-weather-data.py took 0.613 seconds
[2025-12-06T20:19:07.748+0000] {processor.py:161} INFO - Started process (PID=1329) to work on /opt/airflow/dags/pipeline-weather-data.py
[2025-12-06T20:19:07.749+0000] {processor.py:830} INFO - Processing file /opt/airflow/dags/pipeline-weather-data.py for tasks to queue
[2025-12-06T20:19:07.751+0000] {logging_mixin.py:188} INFO - [2025-12-06T20:19:07.751+0000] {dagbag.py:538} INFO - Filling up the DagBag from /opt/airflow/dags/pipeline-weather-data.py
[2025-12-06T20:19:08.489+0000] {logging_mixin.py:188} INFO - [2025-12-06T20:19:08.487+0000] {dagbag.py:348} ERROR - Failed to import: /opt/airflow/dags/pipeline-weather-data.py
Traceback (most recent call last):
  File "/home/airflow/.local/lib/python3.8/site-packages/airflow/models/dagbag.py", line 344, in parse
    loader.exec_module(new_module)
  File "<frozen importlib._bootstrap_external>", line 843, in exec_module
  File "<frozen importlib._bootstrap>", line 219, in _call_with_frames_removed
  File "/opt/airflow/dags/pipeline-weather-data.py", line 270, in <module>
    num_batches = int(Variable.get(f"{weather_data_type_extraction}_num_batches"))
  File "/home/airflow/.local/lib/python3.8/site-packages/airflow/models/variable.py", line 143, in get
    raise KeyError(f"Variable {key} does not exist")
KeyError: 'Variable actual_num_batches does not exist'
[2025-12-06T20:19:08.490+0000] {processor.py:842} WARNING - No viable dags retrieved from /opt/airflow/dags/pipeline-weather-data.py
[2025-12-06T20:19:08.500+0000] {processor.py:183} INFO - Processing /opt/airflow/dags/pipeline-weather-data.py took 0.757 seconds
[2025-12-06T20:19:38.690+0000] {processor.py:161} INFO - Started process (PID=1337) to work on /opt/airflow/dags/pipeline-weather-data.py
[2025-12-06T20:19:38.691+0000] {processor.py:830} INFO - Processing file /opt/airflow/dags/pipeline-weather-data.py for tasks to queue
[2025-12-06T20:19:38.695+0000] {logging_mixin.py:188} INFO - [2025-12-06T20:19:38.695+0000] {dagbag.py:538} INFO - Filling up the DagBag from /opt/airflow/dags/pipeline-weather-data.py
[2025-12-06T20:19:39.419+0000] {logging_mixin.py:188} INFO - [2025-12-06T20:19:39.417+0000] {dagbag.py:348} ERROR - Failed to import: /opt/airflow/dags/pipeline-weather-data.py
Traceback (most recent call last):
  File "/home/airflow/.local/lib/python3.8/site-packages/airflow/models/dagbag.py", line 344, in parse
    loader.exec_module(new_module)
  File "<frozen importlib._bootstrap_external>", line 843, in exec_module
  File "<frozen importlib._bootstrap>", line 219, in _call_with_frames_removed
  File "/opt/airflow/dags/pipeline-weather-data.py", line 270, in <module>
    num_batches = int(Variable.get(f"{weather_data_type_extraction}_num_batches"))
  File "/home/airflow/.local/lib/python3.8/site-packages/airflow/models/variable.py", line 143, in get
    raise KeyError(f"Variable {key} does not exist")
KeyError: 'Variable actual_num_batches does not exist'
[2025-12-06T20:19:39.420+0000] {processor.py:842} WARNING - No viable dags retrieved from /opt/airflow/dags/pipeline-weather-data.py
[2025-12-06T20:19:39.429+0000] {processor.py:183} INFO - Processing /opt/airflow/dags/pipeline-weather-data.py took 0.746 seconds
[2025-12-06T20:20:09.640+0000] {processor.py:161} INFO - Started process (PID=1345) to work on /opt/airflow/dags/pipeline-weather-data.py
[2025-12-06T20:20:09.641+0000] {processor.py:830} INFO - Processing file /opt/airflow/dags/pipeline-weather-data.py for tasks to queue
[2025-12-06T20:20:09.644+0000] {logging_mixin.py:188} INFO - [2025-12-06T20:20:09.644+0000] {dagbag.py:538} INFO - Filling up the DagBag from /opt/airflow/dags/pipeline-weather-data.py
[2025-12-06T20:20:10.203+0000] {logging_mixin.py:188} INFO - [2025-12-06T20:20:10.202+0000] {dagbag.py:348} ERROR - Failed to import: /opt/airflow/dags/pipeline-weather-data.py
Traceback (most recent call last):
  File "/home/airflow/.local/lib/python3.8/site-packages/airflow/models/dagbag.py", line 344, in parse
    loader.exec_module(new_module)
  File "<frozen importlib._bootstrap_external>", line 843, in exec_module
  File "<frozen importlib._bootstrap>", line 219, in _call_with_frames_removed
  File "/opt/airflow/dags/pipeline-weather-data.py", line 270, in <module>
    num_batches = int(Variable.get(f"{weather_data_type_extraction}_num_batches"))
  File "/home/airflow/.local/lib/python3.8/site-packages/airflow/models/variable.py", line 143, in get
    raise KeyError(f"Variable {key} does not exist")
KeyError: 'Variable actual_num_batches does not exist'
[2025-12-06T20:20:10.204+0000] {processor.py:842} WARNING - No viable dags retrieved from /opt/airflow/dags/pipeline-weather-data.py
[2025-12-06T20:20:10.211+0000] {processor.py:183} INFO - Processing /opt/airflow/dags/pipeline-weather-data.py took 0.577 seconds
[2025-12-06T20:20:40.442+0000] {processor.py:161} INFO - Started process (PID=1353) to work on /opt/airflow/dags/pipeline-weather-data.py
[2025-12-06T20:20:40.444+0000] {processor.py:830} INFO - Processing file /opt/airflow/dags/pipeline-weather-data.py for tasks to queue
[2025-12-06T20:20:40.447+0000] {logging_mixin.py:188} INFO - [2025-12-06T20:20:40.446+0000] {dagbag.py:538} INFO - Filling up the DagBag from /opt/airflow/dags/pipeline-weather-data.py
[2025-12-06T20:20:41.012+0000] {logging_mixin.py:188} INFO - [2025-12-06T20:20:41.011+0000] {dagbag.py:348} ERROR - Failed to import: /opt/airflow/dags/pipeline-weather-data.py
Traceback (most recent call last):
  File "/home/airflow/.local/lib/python3.8/site-packages/airflow/models/dagbag.py", line 344, in parse
    loader.exec_module(new_module)
  File "<frozen importlib._bootstrap_external>", line 843, in exec_module
  File "<frozen importlib._bootstrap>", line 219, in _call_with_frames_removed
  File "/opt/airflow/dags/pipeline-weather-data.py", line 270, in <module>
    num_batches = int(Variable.get(f"{weather_data_type_extraction}_num_batches"))
  File "/home/airflow/.local/lib/python3.8/site-packages/airflow/models/variable.py", line 143, in get
    raise KeyError(f"Variable {key} does not exist")
KeyError: 'Variable actual_num_batches does not exist'
[2025-12-06T20:20:41.013+0000] {processor.py:842} WARNING - No viable dags retrieved from /opt/airflow/dags/pipeline-weather-data.py
[2025-12-06T20:20:41.020+0000] {processor.py:183} INFO - Processing /opt/airflow/dags/pipeline-weather-data.py took 0.582 seconds
[2025-12-06T20:21:11.228+0000] {processor.py:161} INFO - Started process (PID=1360) to work on /opt/airflow/dags/pipeline-weather-data.py
[2025-12-06T20:21:11.229+0000] {processor.py:830} INFO - Processing file /opt/airflow/dags/pipeline-weather-data.py for tasks to queue
[2025-12-06T20:21:11.232+0000] {logging_mixin.py:188} INFO - [2025-12-06T20:21:11.232+0000] {dagbag.py:538} INFO - Filling up the DagBag from /opt/airflow/dags/pipeline-weather-data.py
[2025-12-06T20:21:11.848+0000] {logging_mixin.py:188} INFO - [2025-12-06T20:21:11.846+0000] {dagbag.py:348} ERROR - Failed to import: /opt/airflow/dags/pipeline-weather-data.py
Traceback (most recent call last):
  File "/home/airflow/.local/lib/python3.8/site-packages/airflow/models/dagbag.py", line 344, in parse
    loader.exec_module(new_module)
  File "<frozen importlib._bootstrap_external>", line 843, in exec_module
  File "<frozen importlib._bootstrap>", line 219, in _call_with_frames_removed
  File "/opt/airflow/dags/pipeline-weather-data.py", line 270, in <module>
    num_batches = int(Variable.get(f"{weather_data_type_extraction}_num_batches"))
  File "/home/airflow/.local/lib/python3.8/site-packages/airflow/models/variable.py", line 143, in get
    raise KeyError(f"Variable {key} does not exist")
KeyError: 'Variable actual_num_batches does not exist'
[2025-12-06T20:21:11.848+0000] {processor.py:842} WARNING - No viable dags retrieved from /opt/airflow/dags/pipeline-weather-data.py
[2025-12-06T20:21:11.858+0000] {processor.py:183} INFO - Processing /opt/airflow/dags/pipeline-weather-data.py took 0.635 seconds
[2025-12-06T20:21:42.076+0000] {processor.py:161} INFO - Started process (PID=1368) to work on /opt/airflow/dags/pipeline-weather-data.py
[2025-12-06T20:21:42.077+0000] {processor.py:830} INFO - Processing file /opt/airflow/dags/pipeline-weather-data.py for tasks to queue
[2025-12-06T20:21:42.081+0000] {logging_mixin.py:188} INFO - [2025-12-06T20:21:42.080+0000] {dagbag.py:538} INFO - Filling up the DagBag from /opt/airflow/dags/pipeline-weather-data.py
[2025-12-06T20:21:42.670+0000] {logging_mixin.py:188} INFO - [2025-12-06T20:21:42.668+0000] {dagbag.py:348} ERROR - Failed to import: /opt/airflow/dags/pipeline-weather-data.py
Traceback (most recent call last):
  File "/home/airflow/.local/lib/python3.8/site-packages/airflow/models/dagbag.py", line 344, in parse
    loader.exec_module(new_module)
  File "<frozen importlib._bootstrap_external>", line 843, in exec_module
  File "<frozen importlib._bootstrap>", line 219, in _call_with_frames_removed
  File "/opt/airflow/dags/pipeline-weather-data.py", line 270, in <module>
    num_batches = int(Variable.get(f"{weather_data_type_extraction}_num_batches"))
  File "/home/airflow/.local/lib/python3.8/site-packages/airflow/models/variable.py", line 143, in get
    raise KeyError(f"Variable {key} does not exist")
KeyError: 'Variable actual_num_batches does not exist'
[2025-12-06T20:21:42.670+0000] {processor.py:842} WARNING - No viable dags retrieved from /opt/airflow/dags/pipeline-weather-data.py
[2025-12-06T20:21:42.679+0000] {processor.py:183} INFO - Processing /opt/airflow/dags/pipeline-weather-data.py took 0.608 seconds
[2025-12-06T20:22:12.893+0000] {processor.py:161} INFO - Started process (PID=1376) to work on /opt/airflow/dags/pipeline-weather-data.py
[2025-12-06T20:22:12.894+0000] {processor.py:830} INFO - Processing file /opt/airflow/dags/pipeline-weather-data.py for tasks to queue
[2025-12-06T20:22:12.897+0000] {logging_mixin.py:188} INFO - [2025-12-06T20:22:12.896+0000] {dagbag.py:538} INFO - Filling up the DagBag from /opt/airflow/dags/pipeline-weather-data.py
[2025-12-06T20:22:13.528+0000] {logging_mixin.py:188} INFO - [2025-12-06T20:22:13.526+0000] {dagbag.py:348} ERROR - Failed to import: /opt/airflow/dags/pipeline-weather-data.py
Traceback (most recent call last):
  File "/home/airflow/.local/lib/python3.8/site-packages/airflow/models/dagbag.py", line 344, in parse
    loader.exec_module(new_module)
  File "<frozen importlib._bootstrap_external>", line 843, in exec_module
  File "<frozen importlib._bootstrap>", line 219, in _call_with_frames_removed
  File "/opt/airflow/dags/pipeline-weather-data.py", line 270, in <module>
    num_batches = int(Variable.get(f"{weather_data_type_extraction}_num_batches"))
  File "/home/airflow/.local/lib/python3.8/site-packages/airflow/models/variable.py", line 143, in get
    raise KeyError(f"Variable {key} does not exist")
KeyError: 'Variable actual_num_batches does not exist'
[2025-12-06T20:22:13.528+0000] {processor.py:842} WARNING - No viable dags retrieved from /opt/airflow/dags/pipeline-weather-data.py
[2025-12-06T20:22:13.537+0000] {processor.py:183} INFO - Processing /opt/airflow/dags/pipeline-weather-data.py took 0.649 seconds
[2025-12-06T20:22:43.739+0000] {processor.py:161} INFO - Started process (PID=1384) to work on /opt/airflow/dags/pipeline-weather-data.py
[2025-12-06T20:22:43.741+0000] {processor.py:830} INFO - Processing file /opt/airflow/dags/pipeline-weather-data.py for tasks to queue
[2025-12-06T20:22:43.745+0000] {logging_mixin.py:188} INFO - [2025-12-06T20:22:43.744+0000] {dagbag.py:538} INFO - Filling up the DagBag from /opt/airflow/dags/pipeline-weather-data.py
[2025-12-06T20:22:44.413+0000] {logging_mixin.py:188} INFO - [2025-12-06T20:22:44.411+0000] {dagbag.py:348} ERROR - Failed to import: /opt/airflow/dags/pipeline-weather-data.py
Traceback (most recent call last):
  File "/home/airflow/.local/lib/python3.8/site-packages/airflow/models/dagbag.py", line 344, in parse
    loader.exec_module(new_module)
  File "<frozen importlib._bootstrap_external>", line 843, in exec_module
  File "<frozen importlib._bootstrap>", line 219, in _call_with_frames_removed
  File "/opt/airflow/dags/pipeline-weather-data.py", line 270, in <module>
    num_batches = int(Variable.get(f"{weather_data_type_extraction}_num_batches"))
  File "/home/airflow/.local/lib/python3.8/site-packages/airflow/models/variable.py", line 143, in get
    raise KeyError(f"Variable {key} does not exist")
KeyError: 'Variable actual_num_batches does not exist'
[2025-12-06T20:22:44.413+0000] {processor.py:842} WARNING - No viable dags retrieved from /opt/airflow/dags/pipeline-weather-data.py
[2025-12-06T20:22:44.422+0000] {processor.py:183} INFO - Processing /opt/airflow/dags/pipeline-weather-data.py took 0.688 seconds
[2025-12-06T20:23:14.639+0000] {processor.py:161} INFO - Started process (PID=1392) to work on /opt/airflow/dags/pipeline-weather-data.py
[2025-12-06T20:23:14.640+0000] {processor.py:830} INFO - Processing file /opt/airflow/dags/pipeline-weather-data.py for tasks to queue
[2025-12-06T20:23:14.644+0000] {logging_mixin.py:188} INFO - [2025-12-06T20:23:14.644+0000] {dagbag.py:538} INFO - Filling up the DagBag from /opt/airflow/dags/pipeline-weather-data.py
[2025-12-06T20:23:15.392+0000] {logging_mixin.py:188} INFO - [2025-12-06T20:23:15.389+0000] {dagbag.py:348} ERROR - Failed to import: /opt/airflow/dags/pipeline-weather-data.py
Traceback (most recent call last):
  File "/home/airflow/.local/lib/python3.8/site-packages/airflow/models/dagbag.py", line 344, in parse
    loader.exec_module(new_module)
  File "<frozen importlib._bootstrap_external>", line 843, in exec_module
  File "<frozen importlib._bootstrap>", line 219, in _call_with_frames_removed
  File "/opt/airflow/dags/pipeline-weather-data.py", line 270, in <module>
    num_batches = int(Variable.get(f"{weather_data_type_extraction}_num_batches"))
  File "/home/airflow/.local/lib/python3.8/site-packages/airflow/models/variable.py", line 143, in get
    raise KeyError(f"Variable {key} does not exist")
KeyError: 'Variable actual_num_batches does not exist'
[2025-12-06T20:23:15.393+0000] {processor.py:842} WARNING - No viable dags retrieved from /opt/airflow/dags/pipeline-weather-data.py
[2025-12-06T20:23:15.407+0000] {processor.py:183} INFO - Processing /opt/airflow/dags/pipeline-weather-data.py took 0.773 seconds
[2025-12-06T20:23:45.676+0000] {processor.py:161} INFO - Started process (PID=1400) to work on /opt/airflow/dags/pipeline-weather-data.py
[2025-12-06T20:23:45.677+0000] {processor.py:830} INFO - Processing file /opt/airflow/dags/pipeline-weather-data.py for tasks to queue
[2025-12-06T20:23:45.681+0000] {logging_mixin.py:188} INFO - [2025-12-06T20:23:45.681+0000] {dagbag.py:538} INFO - Filling up the DagBag from /opt/airflow/dags/pipeline-weather-data.py
[2025-12-06T20:23:46.492+0000] {logging_mixin.py:188} INFO - [2025-12-06T20:23:46.489+0000] {dagbag.py:348} ERROR - Failed to import: /opt/airflow/dags/pipeline-weather-data.py
Traceback (most recent call last):
  File "/home/airflow/.local/lib/python3.8/site-packages/airflow/models/dagbag.py", line 344, in parse
    loader.exec_module(new_module)
  File "<frozen importlib._bootstrap_external>", line 843, in exec_module
  File "<frozen importlib._bootstrap>", line 219, in _call_with_frames_removed
  File "/opt/airflow/dags/pipeline-weather-data.py", line 270, in <module>
    num_batches = int(Variable.get(f"{weather_data_type_extraction}_num_batches"))
  File "/home/airflow/.local/lib/python3.8/site-packages/airflow/models/variable.py", line 143, in get
    raise KeyError(f"Variable {key} does not exist")
KeyError: 'Variable actual_num_batches does not exist'
[2025-12-06T20:23:46.492+0000] {processor.py:842} WARNING - No viable dags retrieved from /opt/airflow/dags/pipeline-weather-data.py
[2025-12-06T20:23:46.504+0000] {processor.py:183} INFO - Processing /opt/airflow/dags/pipeline-weather-data.py took 0.833 seconds
[2025-12-06T20:24:16.703+0000] {processor.py:161} INFO - Started process (PID=1408) to work on /opt/airflow/dags/pipeline-weather-data.py
[2025-12-06T20:24:16.705+0000] {processor.py:830} INFO - Processing file /opt/airflow/dags/pipeline-weather-data.py for tasks to queue
[2025-12-06T20:24:16.708+0000] {logging_mixin.py:188} INFO - [2025-12-06T20:24:16.708+0000] {dagbag.py:538} INFO - Filling up the DagBag from /opt/airflow/dags/pipeline-weather-data.py
[2025-12-06T20:24:17.623+0000] {logging_mixin.py:188} INFO - [2025-12-06T20:24:17.615+0000] {dagbag.py:348} ERROR - Failed to import: /opt/airflow/dags/pipeline-weather-data.py
Traceback (most recent call last):
  File "/home/airflow/.local/lib/python3.8/site-packages/airflow/models/dagbag.py", line 344, in parse
    loader.exec_module(new_module)
  File "<frozen importlib._bootstrap_external>", line 843, in exec_module
  File "<frozen importlib._bootstrap>", line 219, in _call_with_frames_removed
  File "/opt/airflow/dags/pipeline-weather-data.py", line 270, in <module>
    num_batches = int(Variable.get(f"{weather_data_type_extraction}_num_batches"))
  File "/home/airflow/.local/lib/python3.8/site-packages/airflow/models/variable.py", line 143, in get
    raise KeyError(f"Variable {key} does not exist")
KeyError: 'Variable actual_num_batches does not exist'
[2025-12-06T20:24:17.625+0000] {processor.py:842} WARNING - No viable dags retrieved from /opt/airflow/dags/pipeline-weather-data.py
[2025-12-06T20:24:17.671+0000] {processor.py:183} INFO - Processing /opt/airflow/dags/pipeline-weather-data.py took 0.974 seconds
[2025-12-06T20:24:47.947+0000] {processor.py:161} INFO - Started process (PID=1421) to work on /opt/airflow/dags/pipeline-weather-data.py
[2025-12-06T20:24:47.948+0000] {processor.py:830} INFO - Processing file /opt/airflow/dags/pipeline-weather-data.py for tasks to queue
[2025-12-06T20:24:47.954+0000] {logging_mixin.py:188} INFO - [2025-12-06T20:24:47.953+0000] {dagbag.py:538} INFO - Filling up the DagBag from /opt/airflow/dags/pipeline-weather-data.py
[2025-12-06T20:24:48.929+0000] {logging_mixin.py:188} INFO - [2025-12-06T20:24:48.927+0000] {dagbag.py:348} ERROR - Failed to import: /opt/airflow/dags/pipeline-weather-data.py
Traceback (most recent call last):
  File "/home/airflow/.local/lib/python3.8/site-packages/airflow/models/dagbag.py", line 344, in parse
    loader.exec_module(new_module)
  File "<frozen importlib._bootstrap_external>", line 843, in exec_module
  File "<frozen importlib._bootstrap>", line 219, in _call_with_frames_removed
  File "/opt/airflow/dags/pipeline-weather-data.py", line 270, in <module>
    num_batches = int(Variable.get(f"{weather_data_type_extraction}_num_batches"))
  File "/home/airflow/.local/lib/python3.8/site-packages/airflow/models/variable.py", line 143, in get
    raise KeyError(f"Variable {key} does not exist")
KeyError: 'Variable actual_num_batches does not exist'
[2025-12-06T20:24:48.930+0000] {processor.py:842} WARNING - No viable dags retrieved from /opt/airflow/dags/pipeline-weather-data.py
[2025-12-06T20:24:48.944+0000] {processor.py:183} INFO - Processing /opt/airflow/dags/pipeline-weather-data.py took 1.003 seconds
[2025-12-06T20:25:19.156+0000] {processor.py:161} INFO - Started process (PID=1429) to work on /opt/airflow/dags/pipeline-weather-data.py
[2025-12-06T20:25:19.157+0000] {processor.py:830} INFO - Processing file /opt/airflow/dags/pipeline-weather-data.py for tasks to queue
[2025-12-06T20:25:19.160+0000] {logging_mixin.py:188} INFO - [2025-12-06T20:25:19.159+0000] {dagbag.py:538} INFO - Filling up the DagBag from /opt/airflow/dags/pipeline-weather-data.py
[2025-12-06T20:25:19.749+0000] {logging_mixin.py:188} INFO - [2025-12-06T20:25:19.747+0000] {dagbag.py:348} ERROR - Failed to import: /opt/airflow/dags/pipeline-weather-data.py
Traceback (most recent call last):
  File "/home/airflow/.local/lib/python3.8/site-packages/airflow/models/dagbag.py", line 344, in parse
    loader.exec_module(new_module)
  File "<frozen importlib._bootstrap_external>", line 843, in exec_module
  File "<frozen importlib._bootstrap>", line 219, in _call_with_frames_removed
  File "/opt/airflow/dags/pipeline-weather-data.py", line 270, in <module>
    num_batches = int(Variable.get(f"{weather_data_type_extraction}_num_batches"))
  File "/home/airflow/.local/lib/python3.8/site-packages/airflow/models/variable.py", line 143, in get
    raise KeyError(f"Variable {key} does not exist")
KeyError: 'Variable actual_num_batches does not exist'
[2025-12-06T20:25:19.749+0000] {processor.py:842} WARNING - No viable dags retrieved from /opt/airflow/dags/pipeline-weather-data.py
[2025-12-06T20:25:19.758+0000] {processor.py:183} INFO - Processing /opt/airflow/dags/pipeline-weather-data.py took 0.605 seconds
[2025-12-06T20:25:49.959+0000] {processor.py:161} INFO - Started process (PID=1437) to work on /opt/airflow/dags/pipeline-weather-data.py
[2025-12-06T20:25:49.960+0000] {processor.py:830} INFO - Processing file /opt/airflow/dags/pipeline-weather-data.py for tasks to queue
[2025-12-06T20:25:49.963+0000] {logging_mixin.py:188} INFO - [2025-12-06T20:25:49.963+0000] {dagbag.py:538} INFO - Filling up the DagBag from /opt/airflow/dags/pipeline-weather-data.py
[2025-12-06T20:25:50.532+0000] {logging_mixin.py:188} INFO - [2025-12-06T20:25:50.531+0000] {dagbag.py:348} ERROR - Failed to import: /opt/airflow/dags/pipeline-weather-data.py
Traceback (most recent call last):
  File "/home/airflow/.local/lib/python3.8/site-packages/airflow/models/dagbag.py", line 344, in parse
    loader.exec_module(new_module)
  File "<frozen importlib._bootstrap_external>", line 843, in exec_module
  File "<frozen importlib._bootstrap>", line 219, in _call_with_frames_removed
  File "/opt/airflow/dags/pipeline-weather-data.py", line 270, in <module>
    num_batches = int(Variable.get(f"{weather_data_type_extraction}_num_batches"))
  File "/home/airflow/.local/lib/python3.8/site-packages/airflow/models/variable.py", line 143, in get
    raise KeyError(f"Variable {key} does not exist")
KeyError: 'Variable actual_num_batches does not exist'
[2025-12-06T20:25:50.533+0000] {processor.py:842} WARNING - No viable dags retrieved from /opt/airflow/dags/pipeline-weather-data.py
[2025-12-06T20:25:50.541+0000] {processor.py:183} INFO - Processing /opt/airflow/dags/pipeline-weather-data.py took 0.587 seconds
[2025-12-06T20:26:20.755+0000] {processor.py:161} INFO - Started process (PID=1445) to work on /opt/airflow/dags/pipeline-weather-data.py
[2025-12-06T20:26:20.756+0000] {processor.py:830} INFO - Processing file /opt/airflow/dags/pipeline-weather-data.py for tasks to queue
[2025-12-06T20:26:20.759+0000] {logging_mixin.py:188} INFO - [2025-12-06T20:26:20.758+0000] {dagbag.py:538} INFO - Filling up the DagBag from /opt/airflow/dags/pipeline-weather-data.py
[2025-12-06T20:26:21.337+0000] {logging_mixin.py:188} INFO - [2025-12-06T20:26:21.335+0000] {dagbag.py:348} ERROR - Failed to import: /opt/airflow/dags/pipeline-weather-data.py
Traceback (most recent call last):
  File "/home/airflow/.local/lib/python3.8/site-packages/airflow/models/dagbag.py", line 344, in parse
    loader.exec_module(new_module)
  File "<frozen importlib._bootstrap_external>", line 843, in exec_module
  File "<frozen importlib._bootstrap>", line 219, in _call_with_frames_removed
  File "/opt/airflow/dags/pipeline-weather-data.py", line 270, in <module>
    num_batches = int(Variable.get(f"{weather_data_type_extraction}_num_batches"))
  File "/home/airflow/.local/lib/python3.8/site-packages/airflow/models/variable.py", line 143, in get
    raise KeyError(f"Variable {key} does not exist")
KeyError: 'Variable actual_num_batches does not exist'
[2025-12-06T20:26:21.338+0000] {processor.py:842} WARNING - No viable dags retrieved from /opt/airflow/dags/pipeline-weather-data.py
[2025-12-06T20:26:21.348+0000] {processor.py:183} INFO - Processing /opt/airflow/dags/pipeline-weather-data.py took 0.594 seconds
[2025-12-06T20:26:51.555+0000] {processor.py:161} INFO - Started process (PID=1453) to work on /opt/airflow/dags/pipeline-weather-data.py
[2025-12-06T20:26:51.556+0000] {processor.py:830} INFO - Processing file /opt/airflow/dags/pipeline-weather-data.py for tasks to queue
[2025-12-06T20:26:51.559+0000] {logging_mixin.py:188} INFO - [2025-12-06T20:26:51.559+0000] {dagbag.py:538} INFO - Filling up the DagBag from /opt/airflow/dags/pipeline-weather-data.py
[2025-12-06T20:26:52.102+0000] {logging_mixin.py:188} INFO - [2025-12-06T20:26:52.101+0000] {dagbag.py:348} ERROR - Failed to import: /opt/airflow/dags/pipeline-weather-data.py
Traceback (most recent call last):
  File "/home/airflow/.local/lib/python3.8/site-packages/airflow/models/dagbag.py", line 344, in parse
    loader.exec_module(new_module)
  File "<frozen importlib._bootstrap_external>", line 843, in exec_module
  File "<frozen importlib._bootstrap>", line 219, in _call_with_frames_removed
  File "/opt/airflow/dags/pipeline-weather-data.py", line 270, in <module>
    num_batches = int(Variable.get(f"{weather_data_type_extraction}_num_batches"))
  File "/home/airflow/.local/lib/python3.8/site-packages/airflow/models/variable.py", line 143, in get
    raise KeyError(f"Variable {key} does not exist")
KeyError: 'Variable actual_num_batches does not exist'
[2025-12-06T20:26:52.103+0000] {processor.py:842} WARNING - No viable dags retrieved from /opt/airflow/dags/pipeline-weather-data.py
[2025-12-06T20:26:52.110+0000] {processor.py:183} INFO - Processing /opt/airflow/dags/pipeline-weather-data.py took 0.560 seconds
[2025-12-06T20:27:22.279+0000] {processor.py:161} INFO - Started process (PID=1461) to work on /opt/airflow/dags/pipeline-weather-data.py
[2025-12-06T20:27:22.280+0000] {processor.py:830} INFO - Processing file /opt/airflow/dags/pipeline-weather-data.py for tasks to queue
[2025-12-06T20:27:22.282+0000] {logging_mixin.py:188} INFO - [2025-12-06T20:27:22.282+0000] {dagbag.py:538} INFO - Filling up the DagBag from /opt/airflow/dags/pipeline-weather-data.py
[2025-12-06T20:27:22.852+0000] {logging_mixin.py:188} INFO - [2025-12-06T20:27:22.851+0000] {dagbag.py:348} ERROR - Failed to import: /opt/airflow/dags/pipeline-weather-data.py
Traceback (most recent call last):
  File "/home/airflow/.local/lib/python3.8/site-packages/airflow/models/dagbag.py", line 344, in parse
    loader.exec_module(new_module)
  File "<frozen importlib._bootstrap_external>", line 843, in exec_module
  File "<frozen importlib._bootstrap>", line 219, in _call_with_frames_removed
  File "/opt/airflow/dags/pipeline-weather-data.py", line 270, in <module>
    num_batches = int(Variable.get(f"{weather_data_type_extraction}_num_batches"))
  File "/home/airflow/.local/lib/python3.8/site-packages/airflow/models/variable.py", line 143, in get
    raise KeyError(f"Variable {key} does not exist")
KeyError: 'Variable actual_num_batches does not exist'
[2025-12-06T20:27:22.853+0000] {processor.py:842} WARNING - No viable dags retrieved from /opt/airflow/dags/pipeline-weather-data.py
[2025-12-06T20:27:22.862+0000] {processor.py:183} INFO - Processing /opt/airflow/dags/pipeline-weather-data.py took 0.587 seconds
[2025-12-06T20:27:53.076+0000] {processor.py:161} INFO - Started process (PID=1469) to work on /opt/airflow/dags/pipeline-weather-data.py
[2025-12-06T20:27:53.077+0000] {processor.py:830} INFO - Processing file /opt/airflow/dags/pipeline-weather-data.py for tasks to queue
[2025-12-06T20:27:53.080+0000] {logging_mixin.py:188} INFO - [2025-12-06T20:27:53.080+0000] {dagbag.py:538} INFO - Filling up the DagBag from /opt/airflow/dags/pipeline-weather-data.py
[2025-12-06T20:27:53.677+0000] {logging_mixin.py:188} INFO - [2025-12-06T20:27:53.675+0000] {dagbag.py:348} ERROR - Failed to import: /opt/airflow/dags/pipeline-weather-data.py
Traceback (most recent call last):
  File "/home/airflow/.local/lib/python3.8/site-packages/airflow/models/dagbag.py", line 344, in parse
    loader.exec_module(new_module)
  File "<frozen importlib._bootstrap_external>", line 843, in exec_module
  File "<frozen importlib._bootstrap>", line 219, in _call_with_frames_removed
  File "/opt/airflow/dags/pipeline-weather-data.py", line 270, in <module>
    num_batches = int(Variable.get(f"{weather_data_type_extraction}_num_batches"))
  File "/home/airflow/.local/lib/python3.8/site-packages/airflow/models/variable.py", line 143, in get
    raise KeyError(f"Variable {key} does not exist")
KeyError: 'Variable actual_num_batches does not exist'
[2025-12-06T20:27:53.677+0000] {processor.py:842} WARNING - No viable dags retrieved from /opt/airflow/dags/pipeline-weather-data.py
[2025-12-06T20:27:53.687+0000] {processor.py:183} INFO - Processing /opt/airflow/dags/pipeline-weather-data.py took 0.616 seconds
[2025-12-06T20:28:23.866+0000] {processor.py:161} INFO - Started process (PID=1477) to work on /opt/airflow/dags/pipeline-weather-data.py
[2025-12-06T20:28:23.867+0000] {processor.py:830} INFO - Processing file /opt/airflow/dags/pipeline-weather-data.py for tasks to queue
[2025-12-06T20:28:23.871+0000] {logging_mixin.py:188} INFO - [2025-12-06T20:28:23.870+0000] {dagbag.py:538} INFO - Filling up the DagBag from /opt/airflow/dags/pipeline-weather-data.py
[2025-12-06T20:28:24.424+0000] {logging_mixin.py:188} INFO - [2025-12-06T20:28:24.422+0000] {dagbag.py:348} ERROR - Failed to import: /opt/airflow/dags/pipeline-weather-data.py
Traceback (most recent call last):
  File "/home/airflow/.local/lib/python3.8/site-packages/airflow/models/dagbag.py", line 344, in parse
    loader.exec_module(new_module)
  File "<frozen importlib._bootstrap_external>", line 843, in exec_module
  File "<frozen importlib._bootstrap>", line 219, in _call_with_frames_removed
  File "/opt/airflow/dags/pipeline-weather-data.py", line 270, in <module>
    num_batches = int(Variable.get(f"{weather_data_type_extraction}_num_batches"))
  File "/home/airflow/.local/lib/python3.8/site-packages/airflow/models/variable.py", line 143, in get
    raise KeyError(f"Variable {key} does not exist")
KeyError: 'Variable actual_num_batches does not exist'
[2025-12-06T20:28:24.424+0000] {processor.py:842} WARNING - No viable dags retrieved from /opt/airflow/dags/pipeline-weather-data.py
[2025-12-06T20:28:24.433+0000] {processor.py:183} INFO - Processing /opt/airflow/dags/pipeline-weather-data.py took 0.572 seconds
[2025-12-06T20:28:54.630+0000] {processor.py:161} INFO - Started process (PID=1485) to work on /opt/airflow/dags/pipeline-weather-data.py
[2025-12-06T20:28:54.631+0000] {processor.py:830} INFO - Processing file /opt/airflow/dags/pipeline-weather-data.py for tasks to queue
[2025-12-06T20:28:54.635+0000] {logging_mixin.py:188} INFO - [2025-12-06T20:28:54.635+0000] {dagbag.py:538} INFO - Filling up the DagBag from /opt/airflow/dags/pipeline-weather-data.py
[2025-12-06T20:28:55.219+0000] {logging_mixin.py:188} INFO - [2025-12-06T20:28:55.218+0000] {dagbag.py:348} ERROR - Failed to import: /opt/airflow/dags/pipeline-weather-data.py
Traceback (most recent call last):
  File "/home/airflow/.local/lib/python3.8/site-packages/airflow/models/dagbag.py", line 344, in parse
    loader.exec_module(new_module)
  File "<frozen importlib._bootstrap_external>", line 843, in exec_module
  File "<frozen importlib._bootstrap>", line 219, in _call_with_frames_removed
  File "/opt/airflow/dags/pipeline-weather-data.py", line 270, in <module>
    num_batches = int(Variable.get(f"{weather_data_type_extraction}_num_batches"))
  File "/home/airflow/.local/lib/python3.8/site-packages/airflow/models/variable.py", line 143, in get
    raise KeyError(f"Variable {key} does not exist")
KeyError: 'Variable actual_num_batches does not exist'
[2025-12-06T20:28:55.220+0000] {processor.py:842} WARNING - No viable dags retrieved from /opt/airflow/dags/pipeline-weather-data.py
[2025-12-06T20:28:55.228+0000] {processor.py:183} INFO - Processing /opt/airflow/dags/pipeline-weather-data.py took 0.603 seconds
[2025-12-06T20:29:25.340+0000] {processor.py:161} INFO - Started process (PID=1493) to work on /opt/airflow/dags/pipeline-weather-data.py
[2025-12-06T20:29:25.341+0000] {processor.py:830} INFO - Processing file /opt/airflow/dags/pipeline-weather-data.py for tasks to queue
[2025-12-06T20:29:25.344+0000] {logging_mixin.py:188} INFO - [2025-12-06T20:29:25.344+0000] {dagbag.py:538} INFO - Filling up the DagBag from /opt/airflow/dags/pipeline-weather-data.py
[2025-12-06T20:29:25.952+0000] {logging_mixin.py:188} INFO - [2025-12-06T20:29:25.950+0000] {dagbag.py:348} ERROR - Failed to import: /opt/airflow/dags/pipeline-weather-data.py
Traceback (most recent call last):
  File "/home/airflow/.local/lib/python3.8/site-packages/airflow/models/dagbag.py", line 344, in parse
    loader.exec_module(new_module)
  File "<frozen importlib._bootstrap_external>", line 843, in exec_module
  File "<frozen importlib._bootstrap>", line 219, in _call_with_frames_removed
  File "/opt/airflow/dags/pipeline-weather-data.py", line 270, in <module>
    num_batches = int(Variable.get(f"{weather_data_type_extraction}_num_batches"))
  File "/home/airflow/.local/lib/python3.8/site-packages/airflow/models/variable.py", line 143, in get
    raise KeyError(f"Variable {key} does not exist")
KeyError: 'Variable actual_num_batches does not exist'
[2025-12-06T20:29:25.952+0000] {processor.py:842} WARNING - No viable dags retrieved from /opt/airflow/dags/pipeline-weather-data.py
[2025-12-06T20:29:25.959+0000] {processor.py:183} INFO - Processing /opt/airflow/dags/pipeline-weather-data.py took 0.624 seconds
[2025-12-06T20:29:56.174+0000] {processor.py:161} INFO - Started process (PID=1501) to work on /opt/airflow/dags/pipeline-weather-data.py
[2025-12-06T20:29:56.175+0000] {processor.py:830} INFO - Processing file /opt/airflow/dags/pipeline-weather-data.py for tasks to queue
[2025-12-06T20:29:56.178+0000] {logging_mixin.py:188} INFO - [2025-12-06T20:29:56.178+0000] {dagbag.py:538} INFO - Filling up the DagBag from /opt/airflow/dags/pipeline-weather-data.py
[2025-12-06T20:29:56.912+0000] {logging_mixin.py:188} INFO - [2025-12-06T20:29:56.910+0000] {dagbag.py:348} ERROR - Failed to import: /opt/airflow/dags/pipeline-weather-data.py
Traceback (most recent call last):
  File "/home/airflow/.local/lib/python3.8/site-packages/airflow/models/dagbag.py", line 344, in parse
    loader.exec_module(new_module)
  File "<frozen importlib._bootstrap_external>", line 843, in exec_module
  File "<frozen importlib._bootstrap>", line 219, in _call_with_frames_removed
  File "/opt/airflow/dags/pipeline-weather-data.py", line 270, in <module>
    num_batches = int(Variable.get(f"{weather_data_type_extraction}_num_batches"))
  File "/home/airflow/.local/lib/python3.8/site-packages/airflow/models/variable.py", line 143, in get
    raise KeyError(f"Variable {key} does not exist")
KeyError: 'Variable actual_num_batches does not exist'
[2025-12-06T20:29:56.913+0000] {processor.py:842} WARNING - No viable dags retrieved from /opt/airflow/dags/pipeline-weather-data.py
[2025-12-06T20:29:56.924+0000] {processor.py:183} INFO - Processing /opt/airflow/dags/pipeline-weather-data.py took 0.755 seconds
[2025-12-06T20:30:27.167+0000] {processor.py:161} INFO - Started process (PID=1509) to work on /opt/airflow/dags/pipeline-weather-data.py
[2025-12-06T20:30:27.169+0000] {processor.py:830} INFO - Processing file /opt/airflow/dags/pipeline-weather-data.py for tasks to queue
[2025-12-06T20:30:27.172+0000] {logging_mixin.py:188} INFO - [2025-12-06T20:30:27.172+0000] {dagbag.py:538} INFO - Filling up the DagBag from /opt/airflow/dags/pipeline-weather-data.py
[2025-12-06T20:30:27.790+0000] {logging_mixin.py:188} INFO - [2025-12-06T20:30:27.788+0000] {dagbag.py:348} ERROR - Failed to import: /opt/airflow/dags/pipeline-weather-data.py
Traceback (most recent call last):
  File "/home/airflow/.local/lib/python3.8/site-packages/airflow/models/dagbag.py", line 344, in parse
    loader.exec_module(new_module)
  File "<frozen importlib._bootstrap_external>", line 843, in exec_module
  File "<frozen importlib._bootstrap>", line 219, in _call_with_frames_removed
  File "/opt/airflow/dags/pipeline-weather-data.py", line 270, in <module>
    num_batches = int(Variable.get(f"{weather_data_type_extraction}_num_batches"))
  File "/home/airflow/.local/lib/python3.8/site-packages/airflow/models/variable.py", line 143, in get
    raise KeyError(f"Variable {key} does not exist")
KeyError: 'Variable actual_num_batches does not exist'
[2025-12-06T20:30:27.790+0000] {processor.py:842} WARNING - No viable dags retrieved from /opt/airflow/dags/pipeline-weather-data.py
[2025-12-06T20:30:27.799+0000] {processor.py:183} INFO - Processing /opt/airflow/dags/pipeline-weather-data.py took 0.637 seconds
[2025-12-06T20:30:57.963+0000] {processor.py:161} INFO - Started process (PID=1517) to work on /opt/airflow/dags/pipeline-weather-data.py
[2025-12-06T20:30:57.964+0000] {processor.py:830} INFO - Processing file /opt/airflow/dags/pipeline-weather-data.py for tasks to queue
[2025-12-06T20:30:57.968+0000] {logging_mixin.py:188} INFO - [2025-12-06T20:30:57.967+0000] {dagbag.py:538} INFO - Filling up the DagBag from /opt/airflow/dags/pipeline-weather-data.py
[2025-12-06T20:30:58.671+0000] {logging_mixin.py:188} INFO - [2025-12-06T20:30:58.670+0000] {dagbag.py:348} ERROR - Failed to import: /opt/airflow/dags/pipeline-weather-data.py
Traceback (most recent call last):
  File "/home/airflow/.local/lib/python3.8/site-packages/airflow/models/dagbag.py", line 344, in parse
    loader.exec_module(new_module)
  File "<frozen importlib._bootstrap_external>", line 843, in exec_module
  File "<frozen importlib._bootstrap>", line 219, in _call_with_frames_removed
  File "/opt/airflow/dags/pipeline-weather-data.py", line 270, in <module>
    num_batches = int(Variable.get(f"{weather_data_type_extraction}_num_batches"))
  File "/home/airflow/.local/lib/python3.8/site-packages/airflow/models/variable.py", line 143, in get
    raise KeyError(f"Variable {key} does not exist")
KeyError: 'Variable actual_num_batches does not exist'
[2025-12-06T20:30:58.672+0000] {processor.py:842} WARNING - No viable dags retrieved from /opt/airflow/dags/pipeline-weather-data.py
[2025-12-06T20:30:58.680+0000] {processor.py:183} INFO - Processing /opt/airflow/dags/pipeline-weather-data.py took 0.722 seconds
